,Date,Round,Total,Games,Ave.
0,1921-03-22,Round 1,70500,4,17625
1,1921-03-29,Round 2,81994,4,20499
2,1921-04-05,Round 3,70000,4,17500
3,1921-04-12,Round 4,64392,4,16098
4,1921-04-19,Round 5,110000,4,27500
5,1921-04-26,Round 6,62000,4,15500
6,1921-05-03,Round 7,73241,4,18310
7,1921-05-10,Round 8,59889,4,14972
8,1921-05-17,Round 9,62000,4,15500
9,1921-05-24,Round 10,81783,4,20446
10,1921-05-31,Round 11,31500,4,7875
11,1921-06-07,Round 12,73000,4,18250
12,1921-06-14,Round 13,34000,4,8500
13,1921-06-21,Round 14,72488,4,18122
14,1921-06-28,Round 15,57832,4,14458
15,1921-07-05,Round 16,62000,4,15500
16,1921-07-12,Round 17,51000,4,12750
17,1921-07-19,Round 18,57789,4,14447
18,1921-07-26,Finals,165450,4,41363
0,1922-03-22,Round 1,76000,4,19000
1,1922-03-29,Round 2,80902,4,20226
2,1922-04-05,Round 3,67000,4,16750
3,1922-04-12,Round 4,73000,4,18250
4,1922-04-19,Round 5,111189,4,27797
5,1922-04-26,Round 6,72000,4,18000
6,1922-05-03,Round 7,82000,4,20500
7,1922-05-10,Round 8,79496,4,19874
8,1922-05-17,Round 9,75000,4,18750
9,1922-05-24,Round 10,81850,4,20463
10,1922-05-31,Round 11,83000,4,20750
11,1922-06-07,Round 12,83929,4,20982
12,1922-06-14,Round 13,75220,4,18805
13,1922-06-21,Round 14,68000,4,17000
14,1922-06-28,Round 15,42206,4,10552
15,1922-07-05,Round 16,70000,4,17500
16,1922-07-12,Round 17,60000,4,15000
17,1922-07-19,Round 18,44000,4,11000
18,1922-07-26,Finals,207278,4,51820
0,1923-03-22,Round 1,83939,4,20985
1,1923-03-29,Round 2,67000,4,16750
2,1923-04-05,Round 3,67000,4,16750
3,1923-04-12,Round 4,80232,4,20058
4,1923-04-19,Round 5,95000,4,23750
5,1923-04-26,Round 6,63500,4,15875
6,1923-05-03,Round 7,76479,4,19120
7,1923-05-10,Round 8,70558,4,17640
8,1923-05-17,Round 9,55000,4,13750
9,1923-05-24,Round 10,76000,4,19000
10,1923-05-31,Round 11,75353,4,18838
11,1923-06-07,Round 12,71000,4,17750
12,1923-06-14,Round 13,70000,4,17500
13,1923-06-21,Round 14,79364,4,19841
14,1923-06-28,Round 15,80146,4,20037
15,1923-07-05,Round 16,69000,4,17250
16,1923-07-12,Round 17,77000,4,19250
17,1923-07-19,Round 18,74855,4,18714
18,1923-07-26,Finals,213462,4,53366
0,1924-03-22,Round 1,90000,4,22500
1,1924-03-29,Round 2,100000,4,25000
2,1924-04-05,Round 3,89211,4,22303
3,1924-04-12,Round 4,79000,4,19750
4,1924-04-19,Round 5,85072,4,21268
5,1924-04-26,Round 6,92000,4,23000
6,1924-05-03,Round 7,100533,4,25133
7,1924-05-10,Round 8,68000,4,17000
8,1924-05-17,Round 9,81769,4,20442
9,1924-05-24,Round 10,92056,4,23014
10,1924-05-31,Round 11,79000,4,19750
11,1924-06-07,Round 12,73000,4,18250
12,1924-06-14,Round 13,88931,4,22233
13,1924-06-21,Round 14,96000,4,24000
14,1924-06-28,Round 15,61382,4,15346
15,1924-07-05,Round 16,61600,4,15400
16,1924-07-12,Round 17,68487,4,17122
17,1924-07-19,Round 18,69500,4,17375
18,1924-07-26,Finals,170732,6,28455
0,1925-03-22,Round 1,122767,6,20461
1,1925-03-29,Round 2,115000,6,19167
2,1925-04-05,Round 3,111070,6,18512
3,1925-04-12,Round 4,92000,6,15333
4,1925-04-19,Round 5,97454,6,16242
5,1925-04-26,Round 6,145000,6,24167
6,1925-05-03,Round 7,117101,6,19517
7,1925-05-10,Round 8,95000,6,15833
8,1925-05-17,Round 9,102500,6,17083
9,1925-05-24,Round 10,72872,6,12145
10,1925-05-31,Round 11,92000,6,15333
11,1925-06-07,Round 12,87000,6,14500
12,1925-06-14,Round 13,88962,6,14827
13,1925-06-21,Round 14,54000,6,9000
14,1925-06-28,Round 15,92389,6,15398
15,1925-07-05,Round 16,78000,6,13000
16,1925-07-12,Round 17,82789,6,13798
17,1925-07-19,Finals,225432,4,56358
0,1926-03-22,Round 1,109742,6,18290
1,1926-03-29,Round 2,107000,6,17833
2,1926-04-05,Round 3,108495,6,18083
3,1926-04-12,Round 4,110000,6,18333
4,1926-04-19,Round 5,118128,6,19688
5,1926-04-26,Round 6,108000,6,18000
6,1926-05-03,Round 7,110574,6,18429
7,1926-05-10,Round 8,103000,6,17167
8,1926-05-17,Round 9,86514,6,14419
9,1926-05-24,Round 10,94000,6,15667
10,1926-05-31,Round 11,91651,6,15275
11,1926-06-07,Round 12,96000,6,16000
12,1926-06-14,Round 13,86786,6,14464
13,1926-06-21,Round 14,83000,6,13833
14,1926-06-28,Round 15,91475,6,15246
15,1926-07-05,Round 16,96550,6,16092
16,1926-07-12,Round 17,86184,6,14364
17,1926-07-19,Round 18,75000,6,12500
18,1926-07-26,Finals,204742,4,51186
0,1927-03-22,Round 1,110382,6,18397
1,1927-03-29,Round 2,112300,6,18717
2,1927-04-05,Round 3,114931,6,19155
3,1927-04-12,Round 4,103000,6,17167
4,1927-04-19,Round 5,88320,6,14720
5,1927-04-26,Round 6,131500,6,21917
6,1927-05-03,Round 7,98075,6,16346
7,1927-05-10,Round 8,89500,6,14917
8,1927-05-17,Round 9,101671,6,16945
9,1927-05-24,Round 10,54000,6,9000
10,1927-05-31,Round 11,95592,6,15932
11,1927-06-07,Round 12,115500,6,19250
12,1927-06-14,Round 13,89168,6,14861
13,1927-06-21,Round 14,103500,6,17250
14,1927-06-28,Round 15,90395,6,15066
15,1927-07-05,Round 16,78200,6,13033
16,1927-07-12,Round 17,64268,6,10711
17,1927-07-19,Round 18,83000,6,13833
18,1927-07-26,Finals,138766,3,46255
0,1928-03-22,Round 1,123000,6,20500
1,1928-03-29,Round 2,121122,6,20187
2,1928-04-05,Round 3,113500,6,18917
3,1928-04-12,Round 4,85058,6,14176
4,1928-04-19,Round 5,107000,6,17833
5,1928-04-26,Round 6,114870,6,19145
6,1928-05-03,Round 7,75000,6,12500
7,1928-05-10,Round 8,124902,6,20817
8,1928-05-17,Round 9,111000,6,18500
9,1928-05-24,Round 10,113000,6,18833
10,1928-05-31,Round 11,108062,6,18010
11,1928-06-07,Round 12,108695,6,18116
12,1928-06-14,Round 13,102500,6,17083
13,1928-06-21,Round 14,94562,6,15760
14,1928-06-28,Round 15,90000,6,15000
15,1928-07-05,Round 16,89547,6,14925
16,1928-07-12,Round 17,94000,6,15667
17,1928-07-19,Round 18,77609,6,12935
18,1928-07-26,Finals,200005,4,50001
0,1929-03-22,Round 1,85843,6,14307
1,1929-03-29,Round 2,113270,6,18878
2,1929-04-05,Round 3,114920,6,19153
3,1929-04-12,Round 4,102499,6,17083
4,1929-04-19,Round 5,107500,6,17917
5,1929-04-26,Round 6,124354,6,20726
6,1929-05-03,Round 7,104000,6,17333
7,1929-05-10,Round 8,91591,6,15265
8,1929-05-17,Round 9,98000,6,16333
9,1929-05-24,Round 10,83048,6,13841
10,1929-05-31,Round 11,80500,6,13417
11,1929-06-07,Round 12,99000,6,16500
12,1929-06-14,Round 13,84334,6,14056
13,1929-06-21,Round 14,73500,6,12250
14,1929-06-28,Round 15,80936,6,13489
15,1929-07-05,Round 16,73391,6,12232
16,1929-07-12,Round 17,79000,6,13167
17,1929-07-19,Round 18,82316,6,13719
18,1929-07-26,Finals,233539,4,58385
0,1930-03-22,Round 1,120000,6,20000
1,1930-03-29,Round 2,117409,6,19568
2,1930-04-05,Round 3,108000,6,18000
3,1930-04-12,Round 4,107662,6,17944
4,1930-04-19,Round 5,101475,6,16913
5,1930-04-26,Round 6,114000,6,19000
6,1930-05-03,Round 7,94279,6,15713
7,1930-05-10,Round 8,92000,6,15333
8,1930-05-17,Round 9,106344,6,17724
9,1930-05-24,Round 10,101000,6,16833
10,1930-05-31,Round 11,70723,6,11787
11,1930-06-07,Round 12,83000,6,13833
12,1930-06-14,Round 13,88232,6,14705
13,1930-06-21,Round 14,70000,6,11667
14,1930-06-28,Round 15,90981,6,15164
15,1930-07-05,Round 16,87000,6,14500
16,1930-07-12,Round 17,88853,6,14809
17,1930-07-19,Round 18,61000,6,10167
18,1930-07-26,Finals,174720,4,43680
0,1931-03-22,Round 1,103000,6,17167
1,1931-03-29,Round 2,105500,6,17583
2,1931-04-05,Round 3,105767,6,17628
3,1931-04-12,Round 4,104500,6,17417
4,1931-04-19,Round 5,100244,6,16707
5,1931-04-26,Round 6,108000,6,18000
6,1931-05-03,Round 7,101686,6,16948
7,1931-05-10,Round 8,84000,6,14000
8,1931-05-17,Round 9,82826,6,13804
9,1931-05-24,Round 10,61000,6,10167
10,1931-05-31,Round 11,91258,6,15210
11,1931-06-07,Round 12,89500,6,14917
12,1931-06-14,Round 13,83828,6,13971
13,1931-06-21,Round 14,84250,6,14042
14,1931-06-28,Round 15,54614,6,9102
15,1931-07-05,Round 16,64500,6,10750
16,1931-07-12,Round 17,91444,6,15241
17,1931-07-19,Round 18,72500,6,12083
18,1931-07-26,Finals,196858,4,49215
0,1932-03-22,Round 1,125000,6,20833
1,1932-03-29,Round 2,108500,6,18083
2,1932-04-05,Round 3,106000,6,17667
3,1932-04-12,Round 4,98000,6,16333
4,1932-04-19,Round 5,109000,6,18167
5,1932-04-26,Round 6,94500,6,15750
6,1932-05-03,Round 7,98000,6,16333
7,1932-05-10,Round 8,86000,6,14333
8,1932-05-17,Round 9,84747,6,14125
9,1932-05-24,Round 10,73307,6,12218
10,1932-05-31,Round 11,91000,6,15167
11,1932-06-07,Round 12,93283,6,15547
12,1932-06-14,Round 13,88000,6,14667
13,1932-06-21,Round 14,81486,6,13581
14,1932-06-28,Round 15,77500,6,12917
15,1932-07-05,Round 16,84746,6,14124
16,1932-07-12,Round 17,80000,6,13333
17,1932-07-19,Round 18,67198,6,11200
18,1932-07-26,Finals,230706,4,57677
0,1933-03-22,Round 1,117083,6,19514
1,1933-03-29,Round 2,113000,6,18833
2,1933-04-05,Round 3,59979,6,9997
3,1933-04-12,Round 4,111000,6,18500
4,1933-04-19,Round 5,105029,6,17505
5,1933-04-26,Round 6,127000,6,21167
6,1933-05-03,Round 7,111520,6,18587
7,1933-05-10,Round 8,101647,6,16941
8,1933-05-17,Round 9,91000,6,15167
9,1933-05-24,Round 10,92000,6,15333
10,1933-05-31,Round 11,101377,6,16896
11,1933-06-07,Round 12,95250,6,15875
12,1933-06-14,Round 13,93249,6,15542
13,1933-06-21,Round 14,80500,6,13417
14,1933-06-28,Round 15,80962,6,13494
15,1933-07-05,Round 16,79000,6,13167
16,1933-07-12,Round 17,82577,6,13763
17,1933-07-19,Round 18,87000,6,14500
18,1933-07-26,Finals,213407,4,53352
0,1934-03-22,Round 1,129000,6,21500
1,1934-03-29,Round 2,126342,6,21057
2,1934-04-05,Round 3,114000,6,19000
3,1934-04-12,Round 4,120869,6,20145
4,1934-04-19,Round 5,126500,6,21083
5,1934-04-26,Round 6,110102,6,18350
6,1934-05-03,Round 7,98200,6,16367
7,1934-05-10,Round 8,94000,6,15667
8,1934-05-17,Round 9,82807,6,13801
9,1934-05-24,Round 10,92500,6,15417
10,1934-05-31,Round 11,88285,6,14714
11,1934-06-07,Round 12,93805,6,15634
12,1934-06-14,Round 13,84000,6,14000
13,1934-06-21,Round 14,77163,6,12861
14,1934-06-28,Round 15,81500,6,13583
15,1934-07-05,Round 16,67011,6,11169
16,1934-07-12,Round 17,85500,6,14250
17,1934-07-19,Round 18,44232,6,7372
18,1934-07-26,Finals,183691,4,45923
0,1935-03-22,Round 1,113617,6,18936
1,1935-03-29,Round 2,133500,6,22250
2,1935-04-05,Round 3,112288,6,18715
3,1935-04-12,Round 4,104000,6,17333
4,1935-04-19,Round 5,116757,6,19460
5,1935-04-26,Round 6,128711,6,21452
6,1935-05-03,Round 7,93000,6,15500
7,1935-05-10,Round 8,89546,6,14924
8,1935-05-17,Round 9,47000,6,7833
9,1935-05-24,Round 10,89000,6,14833
10,1935-05-31,Round 11,90086,6,15014
11,1935-06-07,Round 12,88500,6,14750
12,1935-06-14,Round 13,81817,6,13636
13,1935-06-21,Round 14,75000,6,12500
14,1935-06-28,Round 15,103572,6,17262
15,1935-07-05,Round 16,84000,6,14000
16,1935-07-12,Round 17,71000,6,11833
17,1935-07-19,Round 18,78084,6,13014
18,1935-07-26,Finals,203870,4,50968
0,1936-03-22,Round 1,122000,6,20333
1,1936-03-29,Round 2,116745,6,19458
2,1936-04-05,Round 3,100000,6,16667
3,1936-04-12,Round 4,118652,6,19775
4,1936-04-19,Round 5,85000,6,14167
5,1936-04-26,Round 6,101595,6,16933
6,1936-05-03,Round 7,75250,6,12542
7,1936-05-10,Round 8,82730,6,13788
8,1936-05-17,Round 9,85000,6,14167
9,1936-05-24,Round 10,84657,6,14110
10,1936-05-31,Round 11,77500,6,12917
11,1936-06-07,Round 12,67510,6,11252
12,1936-06-14,Round 13,84000,6,14000
13,1936-06-21,Round 14,64129,6,10688
14,1936-06-28,Round 15,73000,6,12167
15,1936-07-05,Round 16,70403,6,11734
16,1936-07-12,Round 17,86100,6,14350
17,1936-07-19,Round 18,75648,6,12608
18,1936-07-26,Finals,234516,4,58629
0,1937-03-22,Round 1,125726,6,20954
1,1937-03-29,Round 2,100600,6,16767
2,1937-04-05,Round 3,91831,6,15305
3,1937-04-12,Round 4,93000,6,15500
4,1937-04-19,Round 5,113123,6,18854
5,1937-04-26,Round 6,97000,6,16167
6,1937-05-03,Round 7,83406,6,13901
7,1937-05-10,Round 8,106600,6,17767
8,1937-05-17,Round 9,94376,6,15729
9,1937-05-24,Round 10,90500,6,15083
10,1937-05-31,Round 11,56938,6,9490
11,1937-06-07,Round 12,84000,6,14000
12,1937-06-14,Round 13,75449,6,12575
13,1937-06-21,Round 14,70500,6,11750
14,1937-06-28,Round 15,78904,6,13151
15,1937-07-05,Round 16,71000,6,11833
16,1937-07-12,Round 17,57553,6,9592
17,1937-07-19,Round 18,58000,6,9667
18,1937-07-26,Finals,233549,4,58387
0,1938-03-22,Round 1,105000,6,17500
1,1938-03-29,Round 2,101327,6,16888
2,1938-04-05,Round 3,103000,6,17167
3,1938-04-12,Round 4,100569,6,16762
4,1938-04-19,Round 5,108979,6,18163
5,1938-04-26,Round 6,99000,6,16500
6,1938-05-03,Round 7,105877,6,17646
7,1938-05-10,Round 8,127308,6,21218
8,1938-05-17,Round 9,84000,6,14000
9,1938-05-24,Round 10,90000,6,15000
10,1938-05-31,Round 11,75554,6,12592
11,1938-06-07,Round 12,93185,6,15531
12,1938-06-14,Round 13,79000,6,13167
13,1938-06-21,Round 14,78060,6,13010
14,1938-06-28,Round 15,76500,6,12750
15,1938-07-05,Round 16,90000,6,15000
16,1938-07-12,Round 17,91741,6,15290
17,1938-07-19,Round 18,78500,6,13083
18,1938-07-26,Finals,291330,4,72833
0,1939-03-22,Round 1,116840,6,19473
1,1939-03-29,Round 2,104000,6,17333
2,1939-04-05,Round 3,111703,6,18617
3,1939-04-12,Round 4,99500,6,16583
4,1939-04-19,Round 5,90000,6,15000
5,1939-04-26,Round 6,110023,6,18337
6,1939-05-03,Round 7,106500,6,17750
7,1939-05-10,Round 8,123016,6,20503
8,1939-05-17,Round 9,83500,6,13917
9,1939-05-24,Round 10,93563,6,15594
10,1939-05-31,Round 11,58500,6,9750
11,1939-06-07,Round 12,89500,6,14917
12,1939-06-14,Round 13,85247,6,14208
13,1939-06-21,Round 14,87500,6,14583
14,1939-06-28,Round 15,67882,6,11314
15,1939-07-05,Round 16,72913,6,12152
16,1939-07-12,Round 17,78000,6,13000
17,1939-07-19,Round 18,66043,6,11007
18,1939-07-26,Finals,251145,4,62786
0,1940-03-22,Round 1,111000,6,18500
1,1940-03-29,Round 2,103044,6,17174
2,1940-04-05,Round 3,109867,6,18311
3,1940-04-12,Round 4,80000,6,13333
4,1940-04-19,Round 5,85043,6,14174
5,1940-04-26,Round 6,76000,6,12667
6,1940-05-03,Round 7,53000,6,8833
7,1940-05-10,Round 8,82737,6,13790
8,1940-05-17,Round 9,76000,6,12667
9,1940-05-24,Round 10,79265,6,13211
10,1940-05-31,Round 11,73500,6,12250
11,1940-06-07,Round 12,58140,6,9690
12,1940-06-14,Round 13,72500,6,12083
13,1940-06-21,Round 14,61500,6,10250
14,1940-06-28,Round 15,72000,6,12000
15,1940-07-05,Round 16,60000,6,10000
16,1940-07-12,Round 17,70722,6,11787
17,1940-07-19,Round 18,56000,6,9333
18,1940-07-26,Finals,216628,4,54157
0,1941-03-22,Round 1,86740,6,14457
1,1941-03-29,Round 2,87500,6,14583
2,1941-04-05,Round 3,77800,6,12967
3,1941-04-12,Round 4,79582,6,13264
4,1941-04-19,Round 5,71000,6,11833
5,1941-04-26,Round 6,71500,6,11917
6,1941-05-03,Round 7,86407,6,14401
7,1941-05-10,Round 8,28000,6,4667
8,1941-05-17,Round 9,74000,6,12333
9,1941-05-24,Round 10,56059,6,9343
10,1941-05-31,Round 11,69265,6,11544
11,1941-06-07,Round 12,56500,6,9417
12,1941-06-14,Round 13,78110,6,13018
13,1941-06-21,Round 14,63169,6,10528
14,1941-06-28,Round 15,71500,6,11917
15,1941-07-05,Round 16,68544,6,11424
16,1941-07-12,Round 17,68732,6,11455
17,1941-07-19,Round 18,64000,6,10667
18,1941-07-26,Finals,263596,4,65899
0,1942-03-22,Round 1,43000,5,8600
1,1942-03-29,Round 2,57000,5,11400
2,1942-04-05,Round 3,43000,5,8600
3,1942-04-12,Round 4,45000,5,9000
4,1942-04-19,Round 5,48500,5,9700
5,1942-04-26,Round 6,44500,5,8900
6,1942-05-03,Round 7,40500,5,8100
7,1942-05-10,Round 8,41000,5,8200
8,1942-05-17,Round 9,28000,5,5600
9,1942-05-24,Round 10,36000,5,7200
10,1942-05-31,Round 11,40000,5,8000
11,1942-06-07,Round 12,40000,5,8000
12,1942-06-14,Round 13,47000,5,9400
13,1942-06-21,Round 14,20000,5,4000
14,1942-06-28,Round 15,35500,5,7100
15,1942-07-05,Round 16,50000,5,10000
16,1942-07-12,Finals,132000,4,33000
0,1943-03-22,Round 1,56000,5,11200
1,1943-03-29,Round 2,45000,5,9000
2,1943-04-05,Round 3,50500,5,10100
3,1943-04-12,Round 4,59000,5,11800
4,1943-04-19,Round 5,66000,5,13200
5,1943-04-26,Round 6,58000,5,11600
6,1943-05-03,Round 7,56000,5,11200
7,1943-05-10,Round 8,46500,5,9300
8,1943-05-17,Round 9,61000,5,12200
9,1943-05-24,Round 10,42000,5,8400
10,1943-05-31,Round 11,48000,5,9600
11,1943-06-07,Round 12,48500,5,9700
12,1943-06-14,Round 13,57250,5,11450
13,1943-06-21,Round 14,52000,5,10400
14,1943-06-28,Round 15,44500,5,8900
15,1943-07-05,Round 16,47500,5,9500
16,1943-07-12,Finals,133409,4,33352
0,1944-03-22,Round 1,71000,6,11833
1,1944-03-29,Round 2,76500,6,12750
2,1944-04-05,Round 3,87000,6,14500
3,1944-04-12,Round 4,88000,6,14667
4,1944-04-19,Round 5,78000,6,13000
5,1944-04-26,Round 6,89000,6,14833
6,1944-05-03,Round 7,80000,6,13333
7,1944-05-10,Round 8,94000,6,15667
8,1944-05-17,Round 9,80000,6,13333
9,1944-05-24,Round 10,67500,6,11250
10,1944-05-31,Round 11,77000,6,12833
11,1944-06-07,Round 12,74000,6,12333
12,1944-06-14,Round 13,77000,6,12833
13,1944-06-21,Round 14,74000,6,12333
14,1944-06-28,Round 15,76000,6,12667
15,1944-07-05,Round 16,86250,6,14375
16,1944-07-12,Round 17,70500,6,11750
17,1944-07-19,Round 18,78000,6,13000
18,1944-07-26,Finals,137542,4,34386
0,1945-03-22,Round 1,91000,6,15167
1,1945-03-29,Round 2,80000,6,13333
2,1945-04-05,Round 3,91000,6,15167
3,1945-04-12,Round 4,83500,6,13917
4,1945-04-19,Round 5,92000,6,15333
5,1945-04-26,Round 6,104000,6,17333
6,1945-05-03,Round 7,84000,6,14000
7,1945-05-10,Round 8,94000,6,15667
8,1945-05-17,Round 9,93000,6,15500
9,1945-05-24,Round 10,79000,6,13167
10,1945-05-31,Round 11,78500,6,13083
11,1945-06-07,Round 12,68500,6,11417
12,1945-06-14,Round 13,77000,6,12833
13,1945-06-21,Round 14,92500,6,15417
14,1945-06-28,Round 15,62000,6,10333
15,1945-07-05,Round 16,90000,6,15000
16,1945-07-12,Round 17,85500,6,14250
17,1945-07-19,Round 18,94500,6,15750
18,1945-07-26,Round 19,90000,6,15000
19,1945-08-02,Round 20,89500,6,14917
20,1945-08-09,Finals,205361,4,51340
0,1946-03-22,Round 1,144000,6,24000
1,1946-03-29,Round 2,103500,6,17250
2,1946-04-05,Round 3,117000,6,19500
3,1946-04-12,Round 4,111500,6,18583
4,1946-04-19,Round 5,97000,6,16167
5,1946-04-26,Round 6,107000,6,17833
6,1946-05-03,Round 7,105000,6,17500
7,1946-05-10,Round 8,130000,6,21667
8,1946-05-17,Round 9,134000,6,22333
9,1946-05-24,Round 10,114500,6,19083
10,1946-05-31,Round 11,91000,6,15167
11,1946-06-07,Round 12,103500,6,17250
12,1946-06-14,Round 13,89000,6,14833
13,1946-06-21,Round 14,104000,6,17333
14,1946-06-28,Round 15,105500,6,17583
15,1946-07-05,Round 16,106000,6,17667
16,1946-07-12,Round 17,98601,6,16434
17,1946-07-19,Round 18,96000,6,16000
18,1946-07-26,Round 19,96527,6,16088
19,1946-08-02,Finals,336234,5,67247
0,1947-03-22,Round 1,114000,6,19000
1,1947-03-29,Round 2,108792,6,18132
2,1947-04-05,Round 3,106600,6,17767
3,1947-04-12,Round 4,115000,6,19167
4,1947-04-19,Round 5,113192,6,18865
5,1947-04-26,Round 6,102500,6,17083
6,1947-05-03,Round 7,132607,6,22101
7,1947-05-10,Round 8,106046,6,17674
8,1947-05-17,Round 9,131000,6,21833
9,1947-05-24,Round 10,109996,6,18333
10,1947-05-31,Round 11,104000,6,17333
11,1947-06-07,Round 12,96806,6,16134
12,1947-06-14,Round 13,109000,6,18167
13,1947-06-21,Round 14,89307,6,14885
14,1947-06-28,Round 15,113574,6,18929
15,1947-07-05,Round 16,110500,6,18417
16,1947-07-12,Round 17,98634,6,16439
17,1947-07-19,Round 18,87000,6,14500
18,1947-07-26,Round 19,99500,6,16583
19,1947-08-02,Finals,299486,4,74872
0,1948-03-22,Round 1,123664,6,20611
1,1948-03-29,Round 2,150500,6,25083
2,1948-04-05,Round 3,130057,6,21676
3,1948-04-12,Round 4,95000,6,15833
4,1948-04-19,Round 5,102831,6,17139
5,1948-04-26,Round 6,110000,6,18333
6,1948-05-03,Round 7,104864,6,17477
7,1948-05-10,Round 8,116500,6,19417
8,1948-05-17,Round 9,127000,6,21167
9,1948-05-24,Round 10,120457,6,20076
10,1948-05-31,Round 11,87086,6,14514
11,1948-06-07,Round 12,92000,6,15333
12,1948-06-14,Round 13,103056,6,17176
13,1948-06-21,Round 14,101000,6,16833
14,1948-06-28,Round 15,112192,6,18699
15,1948-07-05,Round 16,88000,6,14667
16,1948-07-12,Round 17,96196,6,16033
17,1948-07-19,Round 18,91000,6,15167
18,1948-07-26,Round 19,105110,6,17518
19,1948-08-02,Finals,345833,5,69167
0,1949-03-22,Round 1,137000,6,22833
1,1949-03-29,Round 2,110616,6,18436
2,1949-04-05,Round 3,110060,6,18343
3,1949-04-12,Round 4,94000,6,15667
4,1949-04-19,Round 5,107338,6,17890
5,1949-04-26,Round 6,99500,6,16583
6,1949-05-03,Round 7,100000,6,16667
7,1949-05-10,Round 8,99779,6,16630
8,1949-05-17,Round 9,129000,6,21500
9,1949-05-24,Round 10,107000,6,17833
10,1949-05-31,Round 11,87934,6,14656
11,1949-06-07,Round 12,83512,6,13919
12,1949-06-14,Round 13,83500,6,13917
13,1949-06-21,Round 14,79000,6,13167
14,1949-06-28,Round 15,91910,6,15318
15,1949-07-05,Round 16,90000,6,15000
16,1949-07-12,Round 17,102112,6,17019
17,1949-07-19,Round 18,106436,6,17739
18,1949-07-26,Round 19,99000,6,16500
19,1949-08-02,Finals,296557,4,74139
0,1950-03-22,Round 1,116577,6,19430
1,1950-03-29,Round 2,130000,6,21667
2,1950-04-05,Round 3,118000,6,19667
3,1950-04-12,Round 4,121394,6,20232
4,1950-04-19,Round 5,138000,6,23000
5,1950-04-26,Round 6,120311,6,20052
6,1950-05-03,Round 7,116000,6,19333
7,1950-05-10,Round 8,180502,6,30084
8,1950-05-17,Round 9,119000,6,19833
9,1950-05-24,Round 10,127982,6,21330
10,1950-05-31,Round 11,107500,6,17917
11,1950-06-07,Round 12,105000,6,17500
12,1950-06-14,Round 13,120000,6,20000
13,1950-06-21,Round 14,124165,6,20694
14,1950-06-28,Round 15,73500,6,12250
15,1950-07-05,Round 16,95815,6,15969
16,1950-07-12,Round 17,90500,6,15083
17,1950-07-19,Round 18,97755,6,16293
18,1950-07-26,Finals,289658,4,72415
0,1951-03-22,Round 1,131000,6,21833
1,1951-03-29,Round 2,124374,6,20729
2,1951-04-05,Round 3,117937,6,19656
3,1951-04-12,Round 4,121000,6,20167
4,1951-04-19,Round 5,130000,6,21667
5,1951-04-26,Round 6,117774,6,19629
6,1951-05-03,Round 7,155061,6,25844
7,1951-05-10,Round 8,113000,6,18833
8,1951-05-17,Round 9,121525,6,20254
9,1951-05-24,Round 10,129157,6,21526
10,1951-05-31,Round 11,112500,6,18750
11,1951-06-07,Round 12,89867,6,14978
12,1951-06-14,Round 13,115500,6,19250
13,1951-06-21,Round 14,92500,6,15417
14,1951-06-28,Round 15,101019,6,16837
15,1951-07-05,Round 16,101241,6,16874
16,1951-07-12,Round 17,108000,6,18000
17,1951-07-19,Round 18,100000,6,16667
18,1951-07-26,Finals,276129,4,69032
0,1952-03-22,Round 1,123179,6,20530
1,1952-03-29,Round 2,140500,6,23417
2,1952-04-05,Round 3,142029,6,23672
3,1952-04-12,Round 4,126000,6,21000
4,1952-04-19,Round 5,132216,6,22036
5,1952-04-26,Round 6,98000,6,16333
6,1952-05-03,Round 7,172363,6,28727
7,1952-05-10,Round 8,96561,6,16094
8,1952-05-17,Round 9,95598,6,15933
9,1952-05-24,Round 10,84174,6,14029
10,1952-05-31,Round 11,101800,6,16967
11,1952-06-07,Round 12,119702,6,19950
12,1952-06-14,Round 13,105442,6,17574
13,1952-06-21,Round 14,120806,6,20134
14,1952-06-28,Round 15,104760,6,17460
15,1952-07-05,Round 16,120835,6,20139
16,1952-07-12,Round 17,116662,6,19444
17,1952-07-19,Round 18,117304,6,19551
18,1952-07-26,Round 19,131583,6,21931
19,1952-08-02,Finals,272439,4,68110
0,1953-03-22,Round 1,133247,6,22208
1,1953-03-29,Round 2,142433,6,23739
2,1953-04-05,Round 3,133000,6,22167
3,1953-04-12,Round 4,145329,6,24222
4,1953-04-19,Round 5,63364,6,10561
5,1953-04-26,Round 6,125070,6,20845
6,1953-05-03,Round 7,132087,6,22015
7,1953-05-10,Round 8,113554,6,18926
8,1953-05-17,Round 9,89780,6,14963
9,1953-05-24,Round 10,117919,6,19653
10,1953-05-31,Round 11,133780,6,22297
11,1953-06-07,Round 12,131070,6,21845
12,1953-06-14,Round 13,117828,6,19638
13,1953-06-21,Round 14,112411,6,18735
14,1953-06-28,Round 15,120352,6,20059
15,1953-07-05,Round 16,77743,6,12957
16,1953-07-12,Round 17,88158,6,14693
17,1953-07-19,Round 18,102991,6,17165
18,1953-07-26,Finals,287533,4,71883
0,1954-03-22,Round 1,181848,6,30308
1,1954-03-29,Round 2,127000,6,21167
2,1954-04-05,Round 3,132500,6,22083
3,1954-04-12,Round 4,133424,6,22237
4,1954-04-19,Round 5,134747,6,22458
5,1954-04-26,Round 6,136500,6,22750
6,1954-05-03,Round 7,152025,6,25338
7,1954-05-10,Round 8,140000,6,23333
8,1954-05-17,Round 9,174698,6,29116
9,1954-05-24,Round 10,138000,6,23000
10,1954-05-31,Round 11,131180,6,21863
11,1954-06-07,Round 12,130500,6,21750
12,1954-06-14,Round 13,133656,6,22276
13,1954-06-21,Round 14,127729,6,21288
14,1954-06-28,Round 15,86000,6,14333
15,1954-07-05,Round 16,122670,6,20445
16,1954-07-12,Round 17,129809,6,21635
17,1954-07-19,Round 18,125515,6,20919
18,1954-07-26,Finals,239734,4,59934
0,1955-03-22,Round 1,145415,6,24236
1,1955-03-29,Round 2,142016,6,23669
2,1955-04-05,Round 3,149375,6,24896
3,1955-04-12,Round 4,135115,6,22519
4,1955-04-19,Round 5,135652,6,22609
5,1955-04-26,Round 6,134850,6,22475
6,1955-05-03,Round 7,133674,6,22279
7,1955-05-10,Round 8,144019,6,24003
8,1955-05-17,Round 9,171311,6,28552
9,1955-05-24,Round 10,120730,6,20122
10,1955-05-31,Round 11,129435,6,21573
11,1955-06-07,Round 12,116978,6,19496
12,1955-06-14,Round 13,101581,6,16930
13,1955-06-21,Round 14,125835,6,20973
14,1955-06-28,Round 15,103261,6,17210
15,1955-07-05,Round 16,144404,6,24067
16,1955-07-12,Round 17,115944,6,19324
17,1955-07-19,Round 18,118736,6,19789
18,1955-07-26,Finals,285807,4,71452
0,1956-03-22,Round 1,141617,6,23603
1,1956-03-29,Round 2,116132,6,19355
2,1956-04-05,Round 3,142665,6,23778
3,1956-04-12,Round 4,126605,6,21101
4,1956-04-19,Round 5,127654,6,21276
5,1956-04-26,Round 6,126500,6,21083
6,1956-05-03,Round 7,148515,6,24753
7,1956-05-10,Round 8,158992,6,26499
8,1956-05-17,Round 9,146240,6,24373
9,1956-05-24,Round 10,154070,6,25678
10,1956-05-31,Round 11,103366,6,17228
11,1956-06-07,Round 12,115715,6,19286
12,1956-06-14,Round 13,132436,6,22073
13,1956-06-21,Round 14,140642,6,23440
14,1956-06-28,Round 15,123239,6,20540
15,1956-07-05,Round 16,136366,6,22728
16,1956-07-12,Round 17,114533,6,19089
17,1956-07-19,Round 18,124967,6,20828
18,1956-07-26,Finals,381088,4,95272
0,1957-03-22,Round 1,173165,6,28861
1,1957-03-29,Round 2,151153,6,25192
2,1957-04-05,Round 3,154365,6,25728
3,1957-04-12,Round 4,147846,6,24641
4,1957-04-19,Round 5,158849,6,26475
5,1957-04-26,Round 6,144652,6,24109
6,1957-05-03,Round 7,134465,6,22411
7,1957-05-10,Round 8,142038,6,23673
8,1957-05-17,Round 9,195931,6,32655
9,1957-05-24,Round 10,122991,6,20499
10,1957-05-31,Round 11,151276,6,25213
11,1957-06-07,Round 12,136448,6,22741
12,1957-06-14,Round 13,118494,6,19749
13,1957-06-21,Round 14,123126,6,20521
14,1957-06-28,Round 15,121213,6,20202
15,1957-07-05,Round 16,102825,6,17138
16,1957-07-12,Round 17,127505,6,21251
17,1957-07-19,Round 18,145487,6,24248
18,1957-07-26,Finals,314101,4,78525
0,1958-03-22,Round 1,151645,6,25274
1,1958-03-29,Round 2,135537,6,22590
2,1958-04-05,Round 3,141636,6,23606
3,1958-04-12,Round 4,154015,6,25669
4,1958-04-19,Round 5,141836,6,23639
5,1958-04-26,Round 6,146979,6,24497
6,1958-05-03,Round 7,118590,6,19765
7,1958-05-10,Round 8,155930,6,25988
8,1958-05-17,Round 9,134360,6,22393
9,1958-05-24,Round 10,181756,6,30293
10,1958-05-31,Round 11,114901,6,19150
11,1958-06-07,Round 12,120935,6,20156
12,1958-06-14,Round 13,107500,6,17917
13,1958-06-21,Round 14,126079,6,21013
14,1958-06-28,Round 15,112974,6,18829
15,1958-07-05,Round 16,104482,6,17414
16,1958-07-12,Round 17,122997,6,20500
17,1958-07-19,Round 18,123327,6,20555
18,1958-07-26,Finals,321175,4,80294
0,1959-03-22,Round 1,160925,6,26821
1,1959-03-29,Round 2,158028,6,26338
2,1959-04-05,Round 3,128620,6,21437
3,1959-04-12,Round 4,142910,6,23818
4,1959-04-19,Round 5,134095,6,22349
5,1959-04-26,Round 6,135176,6,22529
6,1959-05-03,Round 7,147941,6,24657
7,1959-05-10,Round 8,147143,6,24524
8,1959-05-17,Round 9,114809,6,19135
9,1959-05-24,Round 10,125599,6,20933
10,1959-05-31,Round 11,132824,6,22137
11,1959-06-07,Round 12,131668,6,21945
12,1959-06-14,Round 13,96840,6,16140
13,1959-06-21,Round 14,130641,6,21774
14,1959-06-28,Round 15,103713,6,17286
15,1959-07-05,Round 16,133285,6,22214
16,1959-07-12,Round 17,131326,6,21888
17,1959-07-19,Round 18,127674,6,21279
18,1959-07-26,Finals,328422,4,82106
0,1960-03-22,Round 1,184125,6,30688
1,1960-03-29,Round 2,163335,6,27223
2,1960-04-05,Round 3,110637,6,18440
3,1960-04-12,Round 4,90926,6,15154
4,1960-04-19,Round 5,105702,6,17617
5,1960-04-26,Round 6,126830,6,21138
6,1960-05-03,Round 7,139444,6,23241
7,1960-05-10,Round 8,140511,6,23419
8,1960-05-17,Round 9,123128,6,20521
9,1960-05-24,Round 10,136660,6,22777
10,1960-05-31,Round 11,115478,6,19246
11,1960-06-07,Round 12,115768,6,19295
12,1960-06-14,Round 13,127851,6,21309
13,1960-06-21,Round 14,122110,6,20352
14,1960-06-28,Round 15,158631,6,26439
15,1960-07-05,Round 16,90667,6,15111
16,1960-07-12,Round 17,105867,6,17645
17,1960-07-19,Round 18,134787,6,22465
18,1960-07-26,Finals,323763,4,80941
0,1961-03-22,Round 1,150160,6,25027
1,1961-03-29,Round 2,159076,6,26513
2,1961-04-05,Round 3,171278,6,28546
3,1961-04-12,Round 4,153023,6,25504
4,1961-04-19,Round 5,151181,6,25197
5,1961-04-26,Round 6,170714,6,28452
6,1961-05-03,Round 7,139061,6,23177
7,1961-05-10,Round 8,200140,6,33357
8,1961-05-17,Round 9,110844,6,18474
9,1961-05-24,Round 10,125618,6,20936
10,1961-05-31,Round 11,139717,6,23286
11,1961-06-07,Round 12,108591,6,18099
12,1961-06-14,Round 13,142931,6,23822
13,1961-06-21,Round 14,131149,6,21858
14,1961-06-28,Round 15,128851,6,21475
15,1961-07-05,Round 16,154485,6,25748
16,1961-07-12,Round 17,155645,6,25941
17,1961-07-19,Round 18,134620,6,22437
18,1961-07-26,Finals,368208,4,92052
0,1962-03-22,Round 1,207952,6,34659
1,1962-03-29,Round 2,119078,6,19846
2,1962-04-05,Round 3,170084,6,28347
3,1962-04-12,Round 4,152565,6,25428
4,1962-04-19,Round 5,151324,6,25221
5,1962-04-26,Round 6,149186,6,24864
6,1962-05-03,Round 7,172067,6,28678
7,1962-05-10,Round 8,137240,6,22873
8,1962-05-17,Round 9,169210,6,28202
9,1962-05-24,Round 10,186918,6,31153
10,1962-05-31,Round 11,145461,6,24244
11,1962-06-07,Round 12,128137,6,21356
12,1962-06-14,Round 13,139948,6,23325
13,1962-06-21,Round 14,124845,6,20808
14,1962-06-28,Round 15,148776,6,24796
15,1962-07-05,Round 16,132665,6,22111
16,1962-07-12,Round 17,139154,6,23192
17,1962-07-19,Round 18,145599,6,24267
18,1962-07-26,Finals,463578,5,92716
0,1963-03-22,Round 1,174640,6,29107
1,1963-03-29,Round 2,214484,6,35747
2,1963-04-05,Round 3,145818,6,24303
3,1963-04-12,Round 4,163836,6,27306
4,1963-04-19,Round 5,144263,6,24044
5,1963-04-26,Round 6,174050,6,29008
6,1963-05-03,Round 7,150767,6,25128
7,1963-05-10,Round 8,212698,6,35450
8,1963-05-17,Round 9,133700,6,22283
9,1963-05-24,Round 10,139131,6,23189
10,1963-05-31,Round 11,105279,6,17547
11,1963-06-07,Round 12,151961,6,25327
12,1963-06-14,Round 13,139960,6,23327
13,1963-06-21,Round 14,159206,6,26534
14,1963-06-28,Round 15,118983,6,19831
15,1963-07-05,Round 16,144108,6,24018
16,1963-07-12,Round 17,127508,6,21251
17,1963-07-19,Round 18,138141,6,23024
18,1963-07-26,Finals,368140,4,92035
0,1964-03-22,Round 1,192283,6,32047
1,1964-03-29,Round 2,162716,6,27119
2,1964-04-05,Round 3,150120,6,25020
3,1964-04-12,Round 4,155009,6,25835
4,1964-04-19,Round 5,145680,6,24280
5,1964-04-26,Round 6,166172,6,27695
6,1964-05-03,Round 7,156896,6,26149
7,1964-05-10,Round 8,138301,6,23050
8,1964-05-17,Round 9,197778,6,32963
9,1964-05-24,Round 10,135645,6,22608
10,1964-05-31,Round 11,94795,6,15799
11,1964-06-07,Round 12,120574,6,20096
12,1964-06-14,Round 13,125677,6,20946
13,1964-06-21,Round 14,100896,6,16816
14,1964-06-28,Round 15,100117,6,16686
15,1964-07-05,Round 16,149357,6,24893
16,1964-07-12,Round 17,119749,6,19958
17,1964-07-19,Round 18,125200,6,20867
18,1964-07-26,Finals,374803,4,93701
0,1965-03-22,Round 1,178159,6,29693
1,1965-03-29,Round 2,149545,6,24924
2,1965-04-05,Round 3,150008,6,25001
3,1965-04-12,Round 4,99621,6,16604
4,1965-04-19,Round 5,165880,6,27647
5,1965-04-26,Round 6,147973,6,24662
6,1965-05-03,Round 7,149608,6,24935
7,1965-05-10,Round 8,145371,6,24229
8,1965-05-17,Round 9,195759,6,32627
9,1965-05-24,Round 10,150969,6,25162
10,1965-05-31,Round 11,147741,6,24624
11,1965-06-07,Round 12,112552,6,18759
12,1965-06-14,Round 13,121925,6,20321
13,1965-06-21,Round 14,127655,6,21276
14,1965-06-28,Round 15,104326,6,17388
15,1965-07-05,Round 16,146521,6,24420
16,1965-07-12,Round 17,137697,6,22950
17,1965-07-19,Round 18,117388,6,19565
18,1965-07-26,Finals,388460,4,97115
0,1966-03-22,Round 1,219511,6,36585
1,1966-03-29,Round 2,133189,6,22198
2,1966-04-05,Round 3,145213,6,24202
3,1966-04-12,Round 4,166074,6,27679
4,1966-04-19,Round 5,138954,6,23159
5,1966-04-26,Round 6,145282,6,24214
6,1966-05-03,Round 7,135711,6,22619
7,1966-05-10,Round 8,177007,6,29501
8,1966-05-17,Round 9,142277,6,23713
9,1966-05-24,Round 10,109121,6,18187
10,1966-05-31,Round 11,137106,6,22851
11,1966-06-07,Round 12,105410,6,17568
12,1966-06-14,Round 13,117629,6,19605
13,1966-06-21,Round 14,139339,6,23223
14,1966-06-28,Round 15,157468,6,26245
15,1966-07-05,Round 16,130738,6,21790
16,1966-07-12,Round 17,134435,6,22406
17,1966-07-19,Round 18,133179,6,22197
18,1966-07-26,Finals,384887,4,96222
0,1967-03-22,Round 1,175207,6,29201
1,1967-03-29,Round 2,144188,6,24031
2,1967-04-05,Round 3,137882,6,22980
3,1967-04-12,Round 4,132050,6,22008
4,1967-04-19,Round 5,155069,6,25845
5,1967-04-26,Round 6,146729,6,24455
6,1967-05-03,Round 7,139508,6,23251
7,1967-05-10,Round 8,170526,6,28421
8,1967-05-17,Round 9,155609,6,25935
9,1967-05-24,Round 10,128042,6,21340
10,1967-05-31,Round 11,102425,6,17071
11,1967-06-07,Round 12,126408,6,21068
12,1967-06-14,Round 13,118851,6,19809
13,1967-06-21,Round 14,105798,6,17633
14,1967-06-28,Round 15,125687,6,20948
15,1967-07-05,Round 16,121475,6,20246
16,1967-07-12,Round 17,114633,6,19106
17,1967-07-19,Round 18,127915,6,21319
18,1967-07-26,Finals,395704,4,98926
0,1968-03-22,Round 1,150388,6,25065
1,1968-03-29,Round 2,134761,6,22460
2,1968-04-05,Round 3,161645,6,26941
3,1968-04-12,Round 4,116578,6,19430
4,1968-04-19,Round 5,118178,6,19696
5,1968-04-26,Round 6,100157,6,16693
6,1968-05-03,Round 7,100599,6,16767
7,1968-05-10,Round 8,146408,6,24401
8,1968-05-17,Round 9,126676,6,21113
9,1968-05-24,Round 10,111887,6,18648
10,1968-05-31,Round 11,103894,6,17316
11,1968-06-07,Round 12,117653,6,19609
12,1968-06-14,Round 13,107198,6,17866
13,1968-06-21,Round 14,123911,6,20652
14,1968-06-28,Round 15,118095,6,19683
15,1968-07-05,Round 16,103240,6,17207
16,1968-07-12,Round 17,101604,6,16934
17,1968-07-19,Round 18,139904,6,23317
18,1968-07-26,Round 19,112793,6,18799
19,1968-08-02,Round 20,130336,6,21723
20,1968-08-09,Finals,425727,4,106432
0,1969-03-22,Round 1,186592,6,31099
1,1969-03-29,Round 2,121991,6,20332
2,1969-04-05,Round 3,108413,6,18069
3,1969-04-12,Round 4,166002,6,27667
4,1969-04-19,Round 5,130485,6,21748
5,1969-04-26,Round 6,123598,6,20600
6,1969-05-03,Round 7,113269,6,18878
7,1969-05-10,Round 8,133065,6,22178
8,1969-05-17,Round 9,83905,6,13984
9,1969-05-24,Round 10,166451,6,27742
10,1969-05-31,Round 11,115676,6,19279
11,1969-06-07,Round 12,115626,6,19271
12,1969-06-14,Round 13,114400,6,19067
13,1969-06-21,Round 14,97397,6,16233
14,1969-06-28,Round 15,125842,6,20974
15,1969-07-05,Round 16,130164,6,21694
16,1969-07-12,Round 17,114834,6,19139
17,1969-07-19,Round 18,104229,6,17372
18,1969-07-26,Round 19,123600,6,20600
19,1969-08-02,Round 20,111256,6,18543
20,1969-08-09,Finals,436221,4,109055
0,1970-03-22,Round 1,147168,6,24528
1,1970-03-29,Round 2,141322,6,23554
2,1970-04-05,Round 3,139675,6,23279
3,1970-04-12,Round 4,163736,6,27289
4,1970-04-19,Round 5,117189,6,19532
5,1970-04-26,Round 6,142201,6,23700
6,1970-05-03,Round 7,138986,6,23164
7,1970-05-10,Round 8,154974,6,25829
8,1970-05-17,Round 9,117997,6,19666
9,1970-05-24,Round 10,131921,6,21987
10,1970-05-31,Round 11,151916,6,25319
11,1970-06-07,Round 12,101446,6,16908
12,1970-06-14,Round 13,113441,6,18907
13,1970-06-21,Round 14,104602,6,17434
14,1970-06-28,Round 15,123980,6,20663
15,1970-07-05,Round 16,124672,6,20779
16,1970-07-12,Round 17,130538,6,21756
17,1970-07-19,Round 18,115127,6,19188
18,1970-07-26,Round 19,138876,6,23146
19,1970-08-02,Round 20,118285,6,19714
20,1970-08-09,Round 21,127418,6,21236
21,1970-08-16,Round 22,129467,6,21578
22,1970-08-23,Finals,446988,4,111747
0,1971-03-22,Round 1,135326,6,22554
1,1971-03-29,Round 2,190816,6,31803
2,1971-04-05,Round 3,137575,6,22929
3,1971-04-12,Round 4,134722,6,22454
4,1971-04-19,Round 5,116538,6,19423
5,1971-04-26,Round 6,162707,6,27118
6,1971-05-03,Round 7,133497,6,22250
7,1971-05-10,Round 8,162477,6,27080
8,1971-05-17,Round 9,127296,6,21216
9,1971-05-24,Round 10,144148,6,24025
10,1971-05-31,Round 11,172077,6,28680
11,1971-06-07,Round 12,98922,6,16487
12,1971-06-14,Round 13,116362,6,19394
13,1971-06-21,Round 14,119995,6,19999
14,1971-06-28,Round 15,115860,6,19310
15,1971-07-05,Round 16,92772,6,15462
16,1971-07-12,Round 17,102138,6,17023
17,1971-07-19,Round 18,116425,6,19404
18,1971-07-26,Round 19,136806,6,22801
19,1971-08-02,Round 20,122998,6,20500
20,1971-08-09,Round 21,144258,6,24043
21,1971-08-16,Round 22,122442,6,20407
22,1971-08-23,Finals,420279,4,105070
0,1972-03-22,Round 1,195724,6,32621
1,1972-03-29,Round 2,129829,6,21638
2,1972-04-05,Round 3,148704,6,24784
3,1972-04-12,Round 4,135887,6,22648
4,1972-04-19,Round 5,157442,6,26240
5,1972-04-26,Round 6,150739,6,25123
6,1972-05-03,Round 7,132659,6,22110
7,1972-05-10,Round 8,128729,6,21455
8,1972-05-17,Round 9,125744,6,20957
9,1972-05-24,Round 10,132345,6,22058
10,1972-05-31,Round 11,151885,6,25314
11,1972-06-07,Round 12,137870,6,22978
12,1972-06-14,Round 13,111430,6,18572
13,1972-06-21,Round 14,132877,6,22146
14,1972-06-28,Round 15,110509,6,18418
15,1972-07-05,Round 16,121914,6,20319
16,1972-07-12,Round 17,126360,6,21060
17,1972-07-19,Round 18,122764,6,20461
18,1972-07-26,Round 19,97092,6,16182
19,1972-08-02,Round 20,126879,6,21147
20,1972-08-09,Round 21,124378,6,20730
21,1972-08-16,Round 22,133159,6,22193
22,1972-08-23,Finals,591929,7,84561
0,1973-03-22,Round 1,153911,6,25652
1,1973-03-29,Round 2,136987,6,22831
2,1973-04-05,Round 3,170662,6,28444
3,1973-04-12,Round 4,183648,6,30608
4,1973-04-19,Round 5,128512,6,21419
5,1973-04-26,Round 6,136552,6,22759
6,1973-05-03,Round 7,132433,6,22072
7,1973-05-10,Round 8,124857,6,20810
8,1973-05-17,Round 9,165647,6,27608
9,1973-05-24,Round 10,101691,6,16949
10,1973-05-31,Round 11,128748,6,21458
11,1973-06-07,Round 12,113576,6,18929
12,1973-06-14,Round 13,103232,6,17205
13,1973-06-21,Round 14,98111,6,16352
14,1973-06-28,Round 15,112257,6,18710
15,1973-07-05,Round 16,116118,6,19353
16,1973-07-12,Round 17,124378,6,20730
17,1973-07-19,Round 18,123624,6,20604
18,1973-07-26,Round 19,112952,6,18825
19,1973-08-02,Round 20,113711,6,18952
20,1973-08-09,Round 21,151028,6,25171
21,1973-08-16,Round 22,104059,6,17343
22,1973-08-23,Finals,501954,6,83659
0,1974-03-22,Round 1,128438,6,21406
1,1974-03-29,Round 2,152209,6,25368
2,1974-04-05,Round 3,134186,6,22364
3,1974-04-12,Round 4,155369,6,25895
4,1974-04-19,Round 5,135999,6,22667
5,1974-04-26,Round 6,128910,6,21485
6,1974-05-03,Round 7,128957,6,21493
7,1974-05-10,Round 8,116293,6,19382
8,1974-05-17,Round 9,150508,6,25085
9,1974-05-24,Round 10,111630,6,18605
10,1974-05-31,Round 11,172140,6,28690
11,1974-06-07,Round 12,102706,6,17118
12,1974-06-14,Round 13,111713,6,18619
13,1974-06-21,Round 14,106557,6,17760
14,1974-06-28,Round 15,95038,6,15840
15,1974-07-05,Round 16,123969,6,20662
16,1974-07-12,Round 17,91383,6,15231
17,1974-07-19,Round 18,112654,6,18776
18,1974-07-26,Round 19,128711,6,21452
19,1974-08-02,Round 20,121275,6,20213
20,1974-08-09,Round 21,129092,6,21515
21,1974-08-16,Round 22,125916,6,20986
22,1974-08-23,Finals,479947,6,79991
0,1975-03-22,Round 1,115783,6,19297
1,1975-03-29,Round 2,140529,6,23422
2,1975-04-05,Round 3,136247,6,22708
3,1975-04-12,Round 4,188197,6,31366
4,1975-04-19,Round 5,135198,6,22533
5,1975-04-26,Round 6,126093,6,21016
6,1975-05-03,Round 7,123104,6,20517
7,1975-05-10,Round 8,123745,6,20624
8,1975-05-17,Round 9,126697,6,21116
9,1975-05-24,Round 10,135134,6,22522
10,1975-05-31,Round 11,160473,6,26746
11,1975-06-07,Round 12,108120,6,18020
12,1975-06-14,Round 13,96115,6,16019
13,1975-06-21,Round 14,107518,6,17920
14,1975-06-28,Round 15,100785,6,16798
15,1975-07-05,Round 16,100540,6,16757
16,1975-07-12,Round 17,149436,6,24906
17,1975-07-19,Round 18,101092,6,16849
18,1975-07-26,Round 19,124236,6,20706
19,1975-08-02,Round 20,135415,6,22569
20,1975-08-09,Round 21,99401,6,16567
21,1975-08-16,Round 22,121907,6,20318
22,1975-08-23,Finals,450251,6,75042
0,1976-03-22,Round 1,151274,6,25212
1,1976-03-29,Round 2,130410,6,21735
2,1976-04-05,Round 3,168704,6,28117
3,1976-04-12,Round 4,138199,6,23033
4,1976-04-19,Round 5,128046,6,21341
5,1976-04-26,Round 6,123889,6,20648
6,1976-05-03,Round 7,151877,6,25313
7,1976-05-10,Round 8,101563,6,16927
8,1976-05-17,Round 9,133338,6,22223
9,1976-05-24,Round 10,138835,6,23139
10,1976-05-31,Round 11,174180,6,29030
11,1976-06-07,Round 12,113228,6,18871
12,1976-06-14,Round 13,129974,6,21662
13,1976-06-21,Round 14,120886,6,20148
14,1976-06-28,Round 15,130215,6,21703
15,1976-07-05,Round 16,114975,6,19163
16,1976-07-12,Round 17,120761,6,20127
17,1976-07-19,Round 18,118673,6,19779
18,1976-07-26,Round 19,100792,6,16799
19,1976-08-02,Round 20,124881,6,20814
20,1976-08-09,Round 21,115708,6,19285
21,1976-08-16,Round 22,132704,6,22117
22,1976-08-23,Finals,425358,6,70893
0,1977-03-22,Round 1,131533,6,21922
1,1977-03-29,Round 2,157972,6,26329
2,1977-04-05,Round 3,128597,6,21433
3,1977-04-12,Round 4,195246,6,32541
4,1977-04-19,Round 5,116592,6,19432
5,1977-04-26,Round 6,159782,6,26630
6,1977-05-03,Round 7,134272,6,22379
7,1977-05-10,Round 8,104063,6,17344
8,1977-05-17,Round 9,119151,6,19859
9,1977-05-24,Round 10,123253,6,20542
10,1977-05-31,Round 11,175888,6,29315
11,1977-06-07,Round 12,68231,6,11372
12,1977-06-14,Round 13,116067,6,19345
13,1977-06-21,Round 14,130010,6,21668
14,1977-06-28,Round 15,112675,6,18779
15,1977-07-05,Round 16,101879,6,16980
16,1977-07-12,Round 17,118089,6,19682
17,1977-07-19,Round 18,109954,6,18326
18,1977-07-26,Round 19,112425,6,18738
19,1977-08-02,Round 20,114351,6,19059
20,1977-08-09,Round 21,118902,6,19817
21,1977-08-16,Round 22,124075,6,20679
22,1977-08-23,Finals,531214,7,75888
0,1978-03-22,Round 1,149973,6,24996
1,1978-03-29,Round 2,125327,6,20888
2,1978-04-05,Round 3,146955,6,24493
3,1978-04-12,Round 4,142305,6,23718
4,1978-04-19,Round 5,163523,6,27254
5,1978-04-26,Round 6,134016,6,22336
6,1978-05-03,Round 7,120587,6,20098
7,1978-05-10,Round 8,131952,6,21992
8,1978-05-17,Round 9,146622,6,24437
9,1978-05-24,Round 10,179852,6,29975
10,1978-05-31,Round 11,134288,6,22381
11,1978-06-07,Round 12,122366,6,20394
12,1978-06-14,Round 13,126195,6,21033
13,1978-06-21,Round 14,141047,6,23508
14,1978-06-28,Round 15,105417,6,17570
15,1978-07-05,Round 16,135588,6,22598
16,1978-07-12,Round 17,145307,6,24218
17,1978-07-19,Round 18,136289,6,22715
18,1978-07-26,Round 19,107985,6,17998
19,1978-08-02,Round 20,159728,6,26621
20,1978-08-09,Round 21,122664,6,20444
21,1978-08-16,Round 22,146886,6,24481
22,1978-08-23,Finals,453143,6,75524
0,1979-03-22,Round 1,143178,6,23863
1,1979-03-29,Round 2,184096,6,30683
2,1979-04-05,Round 3,143840,6,23973
3,1979-04-12,Round 4,181275,6,30213
4,1979-04-19,Round 5,140972,6,23495
5,1979-04-26,Round 6,132561,6,22094
6,1979-05-03,Round 7,147101,6,24517
7,1979-05-10,Round 8,119977,6,19996
8,1979-05-17,Round 9,131685,6,21948
9,1979-05-24,Round 10,154066,6,25678
10,1979-05-31,Round 11,182431,6,30405
11,1979-06-07,Round 12,157247,6,26208
12,1979-06-14,Round 13,104646,6,17441
13,1979-06-21,Round 14,150876,6,25146
14,1979-06-28,Round 15,141292,6,23549
15,1979-07-05,Round 16,110009,6,18335
16,1979-07-12,Round 17,131252,6,21875
17,1979-07-19,Round 18,134335,6,22389
18,1979-07-26,Round 19,100175,6,16696
19,1979-08-02,Round 20,139478,6,23246
20,1979-08-09,Round 21,136898,6,22816
21,1979-08-16,Round 22,129555,6,21593
22,1979-08-23,Finals,477336,6,79556
0,1980-03-22,Round 1,153278,6,25546
1,1980-03-29,Round 2,181873,6,30312
2,1980-04-05,Round 3,156701,6,26117
3,1980-04-12,Round 4,144201,6,24034
4,1980-04-19,Round 5,206670,6,34445
5,1980-04-26,Round 6,153053,6,25509
6,1980-05-03,Round 7,131403,6,21901
7,1980-05-10,Round 8,178338,6,29723
8,1980-05-17,Round 9,146574,6,24429
9,1980-05-24,Round 10,174350,6,29058
10,1980-05-31,Round 11,142208,6,23701
11,1980-06-07,Round 12,180060,6,30010
12,1980-06-14,Round 13,148932,6,24822
13,1980-06-21,Round 14,138449,6,23075
14,1980-06-28,Round 15,134578,6,22430
15,1980-07-05,Round 16,114772,6,19129
16,1980-07-12,Round 17,168837,6,28140
17,1980-07-19,Round 18,97195,6,16199
18,1980-07-26,Round 19,121291,6,20215
19,1980-08-02,Round 20,137002,6,22834
20,1980-08-09,Round 21,123883,6,20647
21,1980-08-16,Round 22,146481,6,24414
22,1980-08-23,Finals,490788,6,81798
0,1981-03-22,Round 1,191570,6,31928
1,1981-03-29,Round 2,145971,6,24329
2,1981-04-05,Round 3,173556,6,28926
3,1981-04-12,Round 4,199172,6,33195
4,1981-04-19,Round 5,170793,6,28466
5,1981-04-26,Round 6,156263,6,26044
6,1981-05-03,Round 7,96640,6,16107
7,1981-05-10,Round 8,176068,6,29345
8,1981-05-17,Round 9,150099,6,25017
9,1981-05-24,Round 10,131313,6,21886
10,1981-05-31,Round 11,230970,6,38495
11,1981-06-07,Round 12,135735,6,22623
12,1981-06-14,Round 13,127592,6,21265
13,1981-06-21,Round 14,145282,6,24214
14,1981-06-28,Round 15,116028,6,19338
15,1981-07-05,Round 16,124370,6,20728
16,1981-07-12,Round 17,137657,6,22943
17,1981-07-19,Round 18,155802,6,25967
18,1981-07-26,Round 19,110556,6,18426
19,1981-08-02,Round 20,158129,6,26355
20,1981-08-09,Round 21,120281,6,20047
21,1981-08-16,Round 22,200176,6,33363
22,1981-08-23,Finals,476208,6,79368
0,1982-03-22,Round 1,181021,6,30170
1,1982-03-29,Round 2,181324,6,30221
2,1982-04-05,Round 3,211199,6,35200
3,1982-04-12,Round 4,166913,6,27819
4,1982-04-19,Round 5,128129,6,21355
5,1982-04-26,Round 6,154580,6,25763
6,1982-05-03,Round 7,140991,6,23499
7,1982-05-10,Round 8,136470,6,22745
8,1982-05-17,Round 9,131092,6,21849
9,1982-05-24,Round 10,171639,6,28607
10,1982-05-31,Round 11,134582,6,22430
11,1982-06-07,Round 12,175993,6,29332
12,1982-06-14,Round 13,152671,6,25445
13,1982-06-21,Round 14,140892,6,23482
14,1982-06-28,Round 15,151359,6,25227
15,1982-07-05,Round 16,145277,6,24213
16,1982-07-12,Round 17,112008,6,18668
17,1982-07-19,Round 18,113729,6,18955
18,1982-07-26,Round 19,110939,6,18490
19,1982-08-02,Round 20,147665,6,24611
20,1982-08-09,Round 21,127033,6,21172
21,1982-08-16,Round 22,148778,6,24796
22,1982-08-23,Finals,417272,6,69545
0,1983-03-22,Round 1,165187,6,27531
1,1983-03-29,Round 2,165208,6,27535
2,1983-04-05,Round 3,163886,6,27314
3,1983-04-12,Round 4,129832,6,21639
4,1983-04-19,Round 5,193535,6,32256
5,1983-04-26,Round 6,152022,6,25337
6,1983-05-03,Round 7,154538,6,25756
7,1983-05-10,Round 8,166595,6,27766
8,1983-05-17,Round 9,130744,6,21791
9,1983-05-24,Round 10,141321,6,23554
10,1983-05-31,Round 11,151366,6,25228
11,1983-06-07,Round 12,186192,6,31032
12,1983-06-14,Round 13,138447,6,23075
13,1983-06-21,Round 14,102972,6,17162
14,1983-06-28,Round 15,114100,6,19017
15,1983-07-05,Round 16,149608,6,24935
16,1983-07-12,Round 17,136976,6,22829
17,1983-07-19,Round 18,109357,6,18226
18,1983-07-26,Round 19,159050,6,26508
19,1983-08-02,Round 20,134310,6,22385
20,1983-08-09,Round 21,125531,6,20922
21,1983-08-16,Round 22,146801,6,24467
22,1983-08-23,Finals,420439,6,70073
0,1984-03-22,Round 1,157163,6,26194
1,1984-03-29,Round 2,129684,6,21614
2,1984-04-05,Round 3,137650,6,22942
3,1984-04-12,Round 4,160610,6,26768
4,1984-04-19,Round 5,194342,6,32390
5,1984-04-26,Round 6,139303,6,23217
6,1984-05-03,Round 7,136035,6,22673
7,1984-05-10,Round 8,185340,6,30890
8,1984-05-17,Round 9,129929,6,21655
9,1984-05-24,Round 10,146790,6,24465
10,1984-05-31,Round 11,186931,6,31155
11,1984-06-07,Round 12,119747,6,19958
12,1984-06-14,Round 13,125001,6,20834
13,1984-06-21,Round 14,121359,6,20227
14,1984-06-28,Round 15,112763,6,18794
15,1984-07-05,Round 16,121462,6,20244
16,1984-07-12,Round 17,89598,6,14933
17,1984-07-19,Round 18,121240,6,20207
18,1984-07-26,Round 19,100999,6,16833
19,1984-08-02,Round 20,91946,6,15324
20,1984-08-09,Round 21,103335,6,17223
21,1984-08-16,Round 22,140020,6,23337
22,1984-08-23,Finals,443324,6,73887
0,1985-03-22,Round 1,173723,6,28954
1,1985-03-29,Round 2,135522,6,22587
2,1985-04-05,Round 3,138015,6,23003
3,1985-04-12,Round 4,97489,6,16248
4,1985-04-19,Round 5,164289,6,27382
5,1985-04-26,Round 6,139572,6,23262
6,1985-05-03,Round 7,130403,6,21734
7,1985-05-10,Round 8,112592,6,18765
8,1985-05-17,Round 9,130449,6,21742
9,1985-05-24,Round 10,140551,6,23425
10,1985-05-31,Round 11,184244,6,30707
11,1985-06-07,Round 12,110943,6,18491
12,1985-06-14,Round 13,96961,6,16160
13,1985-06-21,Round 14,154707,6,25785
14,1985-06-28,Round 15,101472,6,16912
15,1985-07-05,Round 16,108305,6,18051
16,1985-07-12,Round 17,98888,6,16481
17,1985-07-19,Round 18,94281,6,15714
18,1985-07-26,Round 19,106677,6,17780
19,1985-08-02,Round 20,96399,6,16067
20,1985-08-09,Round 21,105616,6,17603
21,1985-08-16,Round 22,106119,6,17687
22,1985-08-23,Finals,385956,6,64326
0,1986-03-22,Round 1,164466,6,27411
1,1986-03-29,Round 2,128137,6,21356
2,1986-04-05,Round 3,123611,6,20602
3,1986-04-12,Round 4,113771,6,18962
4,1986-04-19,Round 5,206990,6,34498
5,1986-04-26,Round 6,150362,6,25060
6,1986-05-03,Round 7,128821,6,21470
7,1986-05-10,Round 8,118761,6,19794
8,1986-05-17,Round 9,127018,6,21170
9,1986-05-24,Round 10,145519,6,24253
10,1986-05-31,Round 11,155058,6,25843
11,1986-06-07,Round 12,175965,6,29328
12,1986-06-14,Round 13,113793,6,18966
13,1986-06-21,Round 14,109800,6,18300
14,1986-06-28,Round 15,100098,6,16683
15,1986-07-05,Round 16,131290,6,21882
16,1986-07-12,Round 17,151746,6,25291
17,1986-07-19,Round 18,103582,6,17264
18,1986-07-26,Round 19,216198,6,36033
19,1986-08-02,Round 20,86783,6,14464
20,1986-08-09,Round 21,108327,6,18055
21,1986-08-16,Round 22,111801,6,18634
22,1986-08-23,Finals,423714,6,70619
0,1987-03-22,Round 1,131518,7,18788
1,1987-03-29,Round 2,128032,7,18290
2,1987-04-05,Round 3,129954,7,18565
3,1987-04-12,Round 4,154019,7,22003
4,1987-04-19,Round 5,152690,7,21813
5,1987-04-26,Round 6,144966,7,20709
6,1987-05-03,Round 7,170694,7,24385
7,1987-05-10,Round 8,124314,7,17759
8,1987-05-17,Round 9,152951,7,21850
9,1987-05-24,Round 10,130806,7,18687
10,1987-05-31,Round 11,169570,7,24224
11,1987-06-07,Round 12,120785,7,17255
12,1987-06-14,Round 13,96933,7,13848
13,1987-06-21,Round 14,119729,7,17104
14,1987-06-28,Round 15,142015,7,20288
15,1987-07-05,Round 16,116153,7,16593
16,1987-07-12,Round 17,130546,7,18649
17,1987-07-19,Round 18,123643,7,17663
18,1987-07-26,Round 19,136119,7,19446
19,1987-08-02,Round 20,123225,7,17604
20,1987-08-09,Round 21,133074,7,19011
21,1987-08-16,Round 22,158476,7,22639
22,1987-08-23,Finals,429057,6,71510
0,1988-03-22,Round 1,149176,7,21311
1,1988-03-29,Round 2,123102,7,17586
2,1988-04-05,Round 3,142301,7,20329
3,1988-04-12,Round 4,148524,7,21218
4,1988-04-19,Round 5,166631,7,23804
5,1988-04-26,Round 6,155118,7,22160
6,1988-05-03,Round 7,130344,7,18621
7,1988-05-10,Round 8,134056,7,19151
8,1988-05-17,Round 9,142720,7,20389
9,1988-05-24,Round 10,143297,7,20471
10,1988-05-31,Round 11,161710,7,23101
11,1988-06-07,Round 12,114830,7,16404
12,1988-06-14,Round 13,131274,7,18753
13,1988-06-21,Round 14,143481,7,20497
14,1988-06-28,Round 15,123752,7,17679
15,1988-07-05,Round 16,174640,7,24949
16,1988-07-12,Round 17,119445,7,17064
17,1988-07-19,Round 18,119597,7,17085
18,1988-07-26,Round 19,116357,7,16622
19,1988-08-02,Round 20,159946,7,22849
20,1988-08-09,Round 21,133722,7,19103
21,1988-08-16,Round 22,158656,7,22665
22,1988-08-23,Finals,436199,6,72700
0,1989-03-22,Round 1,173267,7,24752
1,1989-03-29,Round 2,142962,7,20423
2,1989-04-05,Round 3,160381,7,22912
3,1989-04-12,Round 4,173275,7,24754
4,1989-04-19,Round 5,140619,7,20088
5,1989-04-26,Round 6,197022,7,28146
6,1989-05-03,Round 7,135709,7,19387
7,1989-05-10,Round 8,156816,7,22402
8,1989-05-17,Round 9,169332,7,24190
9,1989-05-24,Round 10,175227,7,25032
10,1989-05-31,Round 11,175828,7,25118
11,1989-06-07,Round 12,135655,7,19379
12,1989-06-14,Round 13,97353,7,13908
13,1989-06-21,Round 14,120447,7,17207
14,1989-06-28,Round 15,134657,7,19237
15,1989-07-05,Round 16,137229,7,19604
16,1989-07-12,Round 17,120065,7,17152
17,1989-07-19,Round 18,119720,7,17103
18,1989-07-26,Round 19,111094,7,15871
19,1989-08-02,Round 20,122808,7,17544
20,1989-08-09,Round 21,106661,7,15237
21,1989-08-16,Round 22,138999,7,19857
22,1989-08-23,Finals,436696,6,72783
0,1990-03-22,Round 1,171981,7,24569
1,1990-03-29,Round 2,188396,7,26914
2,1990-04-05,Round 3,199052,7,28436
3,1990-04-12,Round 4,126795,7,18114
4,1990-04-19,Round 5,206236,7,29462
5,1990-04-26,Round 6,171088,7,24441
6,1990-05-03,Round 7,161652,7,23093
7,1990-05-10,Round 8,156299,7,22328
8,1990-05-17,Round 9,149652,7,21379
9,1990-05-24,Round 10,154732,7,22105
10,1990-05-31,Round 11,193937,7,27705
11,1990-06-07,Round 12,165204,7,23601
12,1990-06-14,Round 13,162876,7,23268
13,1990-06-21,Round 14,136613,7,19516
14,1990-06-28,Round 15,182245,7,26035
15,1990-07-05,Round 16,124375,7,17768
16,1990-07-12,Round 17,161988,7,23141
17,1990-07-19,Round 18,143675,7,20525
18,1990-07-26,Round 19,172319,7,24617
19,1990-08-02,Round 20,167115,7,23874
20,1990-08-09,Round 21,115282,7,16469
21,1990-08-16,Round 22,175983,7,25140
22,1990-08-23,Finals,475790,7,67970
0,1991-03-22,Round 1,143060,4,35765
1,1991-03-29,Round 2,172029,7,24576
2,1991-04-05,Round 3,151053,7,21579
3,1991-04-12,Round 4,152644,7,21806
4,1991-04-19,Round 5,152112,7,21730
5,1991-04-26,Round 6,193592,7,27656
6,1991-05-03,Round 7,149014,7,21288
7,1991-05-10,Round 8,138094,7,19728
8,1991-05-17,Round 9,153516,7,21931
9,1991-05-24,Round 10,191445,7,27349
10,1991-05-31,Round 11,127579,7,18226
11,1991-06-07,Round 12,171849,7,24550
12,1991-06-14,Round 13,156486,7,22355
13,1991-06-21,Round 14,171774,7,24539
14,1991-06-28,Round 15,159178,7,22740
15,1991-07-05,Round 16,169713,7,24245
16,1991-07-12,Round 17,118606,7,16944
17,1991-07-19,Round 18,155806,7,22258
18,1991-07-26,Round 19,162432,7,23205
19,1991-08-02,Round 20,155211,7,22173
20,1991-08-09,Round 21,162861,7,23266
21,1991-08-16,Round 22,163318,7,23331
22,1991-08-23,Round 23,154794,7,22113
23,1991-08-30,Round 24,171011,7,24430
24,1991-09-06,Finals,381707,7,54530
0,1992-03-22,Round 1,128644,4,32161
1,1992-03-29,Round 2,176073,7,25153
2,1992-04-05,Round 3,138028,7,19718
3,1992-04-12,Round 4,201790,7,28827
4,1992-04-19,Round 5,206207,7,29458
5,1992-04-26,Round 6,240507,7,34358
6,1992-05-03,Round 7,159803,7,22829
7,1992-05-10,Round 8,202054,7,28865
8,1992-05-17,Round 9,165647,7,23664
9,1992-05-24,Round 10,178986,7,25569
10,1992-05-31,Round 11,173740,7,24820
11,1992-06-07,Round 12,234819,7,33546
12,1992-06-14,Round 13,136843,7,19549
13,1992-06-21,Round 14,207199,7,29600
14,1992-06-28,Round 15,166958,7,23851
15,1992-07-05,Round 16,155325,7,22189
16,1992-07-12,Round 17,162461,7,23209
17,1992-07-19,Round 18,165724,7,23675
18,1992-07-26,Round 19,232385,7,33198
19,1992-08-02,Round 20,154507,7,22072
20,1992-08-09,Round 21,179218,7,25603
21,1992-08-16,Round 22,174585,7,24941
22,1992-08-23,Round 23,204780,7,29254
23,1992-08-30,Round 24,186634,7,26662
24,1992-09-06,Finals,481348,7,68764
0,1993-03-22,Round 1,193352,7,27622
1,1993-03-29,Round 2,181532,7,25933
2,1993-04-05,Round 3,231887,7,33127
3,1993-04-12,Round 4,168930,6,28155
4,1993-04-19,Round 5,153511,6,25585
5,1993-04-26,Round 6,265108,7,37873
6,1993-05-03,Round 7,136876,7,19554
7,1993-05-10,Round 8,206107,7,29444
8,1993-05-17,Round 9,173047,7,24721
9,1993-05-24,Round 10,173539,7,24791
10,1993-05-31,Round 11,219134,7,31305
11,1993-06-07,Round 12,171233,7,24462
12,1993-06-14,Round 13,176505,7,25215
13,1993-06-21,Round 14,179935,7,25705
14,1993-06-28,Round 15,227083,7,32440
15,1993-07-05,Round 16,216730,7,30961
16,1993-07-12,Round 17,206355,7,29479
17,1993-07-19,Round 18,207336,7,29619
18,1993-07-26,Round 19,137422,6,22904
19,1993-08-02,Round 20,177100,6,29517
20,1993-08-09,Round 21,191894,7,27413
21,1993-08-16,Round 22,190772,7,27253
22,1993-08-23,Finals,472101,7,67443
0,1994-03-22,Round 1,205863,7,29409
1,1994-03-29,Round 2,234291,7,33470
2,1994-04-05,Round 3,173489,7,24784
3,1994-04-12,Round 4,209402,7,29915
4,1994-04-19,Round 5,238933,7,34133
5,1994-04-26,Round 6,106500,4,26625
6,1994-05-03,Round 7,183636,7,26234
7,1994-05-10,Round 8,177972,7,25425
8,1994-05-17,Round 9,228981,7,32712
9,1994-05-24,Round 10,227221,7,32460
10,1994-05-31,Round 11,153027,7,21861
11,1994-06-07,Round 12,229445,7,32778
12,1994-06-14,Round 13,167885,7,23984
13,1994-06-21,Round 14,175572,7,25082
14,1994-06-28,Round 15,195778,7,27968
15,1994-07-05,Round 16,179142,7,25592
16,1994-07-12,Round 17,236038,7,33720
17,1994-07-19,Round 18,212308,7,30330
18,1994-07-26,Round 19,158792,7,22685
19,1994-08-02,Round 20,188855,7,26979
20,1994-08-09,Round 21,206644,7,29521
21,1994-08-16,Round 22,213046,7,30435
22,1994-08-23,Round 23,191810,7,27401
23,1994-08-30,Round 24,228393,7,32628
24,1994-09-06,Finals,514375,9,57153
0,1995-03-22,Round 1,240721,8,30090
1,1995-03-29,Round 2,164893,8,20612
2,1995-04-05,Round 3,238880,8,29860
3,1995-04-12,Round 4,291321,8,36415
4,1995-04-19,Round 5,207982,8,25998
5,1995-04-26,Round 6,233733,8,29217
6,1995-05-03,Round 7,237722,8,29715
7,1995-05-10,Round 8,235925,8,29491
8,1995-05-17,Round 9,244246,8,30531
9,1995-05-24,Round 10,239367,8,29921
10,1995-05-31,Round 11,277416,8,34677
11,1995-06-07,Round 12,227845,8,28481
12,1995-06-14,Round 13,185376,8,23172
13,1995-06-21,Round 14,281450,8,35181
14,1995-06-28,Round 15,223742,8,27968
15,1995-07-05,Round 16,213076,8,26635
16,1995-07-12,Round 17,203656,8,25457
17,1995-07-19,Round 18,229548,8,28694
18,1995-07-26,Round 19,241206,8,30151
19,1995-08-02,Round 20,220230,8,27529
20,1995-08-09,Round 21,214314,8,26789
21,1995-08-16,Round 22,265125,8,33141
22,1995-08-23,Finals,594919,9,66102
0,1996-03-22,Round 1,290856,8,36357
1,1996-03-29,Round 2,259424,8,32428
2,1996-04-05,Round 3,172136,8,21517
3,1996-04-12,Round 4,204069,8,25509
4,1996-04-19,Round 5,254141,8,31768
5,1996-04-26,Round 6,206705,8,25838
6,1996-05-03,Round 7,305573,8,38197
7,1996-05-10,Round 8,276671,8,34584
8,1996-05-17,Round 9,227781,8,28473
9,1996-05-24,Round 10,270954,8,33869
10,1996-05-31,Round 11,193117,8,24140
11,1996-06-07,Round 12,245334,8,30667
12,1996-06-14,Round 13,225012,8,28127
13,1996-06-21,Round 14,268432,8,33554
14,1996-06-28,Round 15,203636,8,25455
15,1996-07-05,Round 16,227895,8,28487
16,1996-07-12,Round 17,223686,8,27961
17,1996-07-19,Round 18,174148,8,21769
18,1996-07-26,Round 19,156604,8,19576
19,1996-08-02,Round 20,233342,8,29168
20,1996-08-09,Round 21,313444,8,39181
21,1996-08-16,Round 22,283188,8,35399
22,1996-08-23,Finals,478773,9,53197
0,1997-03-22,Round 1,329369,8,41171
1,1997-03-29,Round 2,231707,8,28963
2,1997-04-05,Round 3,296994,8,37124
3,1997-04-12,Round 4,316244,8,39531
4,1997-04-19,Round 5,278707,8,34838
5,1997-04-26,Round 6,242690,8,30336
6,1997-05-03,Round 7,237494,8,29687
7,1997-05-10,Round 8,266359,8,33295
8,1997-05-17,Round 9,254764,8,31846
9,1997-05-24,Round 10,249839,8,31230
10,1997-05-31,Round 11,296852,8,37107
11,1997-06-07,Round 12,220828,8,27604
12,1997-06-14,Round 13,261336,8,32667
13,1997-06-21,Round 14,282401,8,35300
14,1997-06-28,Round 15,267913,8,33489
15,1997-07-05,Round 16,265949,8,33244
16,1997-07-12,Round 17,252738,8,31592
17,1997-07-19,Round 18,275685,8,34461
18,1997-07-26,Round 19,276689,8,34586
19,1997-08-02,Round 20,245514,8,30689
20,1997-08-09,Round 21,223400,8,27925
21,1997-08-16,Round 22,269119,8,33640
22,1997-08-23,Finals,561223,9,62358
0,1998-03-22,Round 1,268409,8,33551
1,1998-03-29,Round 2,265543,8,33193
2,1998-04-05,Round 3,264833,8,33104
3,1998-04-12,Round 4,285649,8,35706
4,1998-04-19,Round 5,295240,8,36905
5,1998-04-26,Round 6,253179,8,31647
6,1998-05-03,Round 7,283374,8,35422
7,1998-05-10,Round 8,288182,8,36023
8,1998-05-17,Round 9,235452,8,29432
9,1998-05-24,Round 10,255322,8,31915
10,1998-05-31,Round 11,332211,8,41526
11,1998-06-07,Round 12,259091,8,32386
12,1998-06-14,Round 13,241730,8,30216
13,1998-06-21,Round 14,265255,8,33157
14,1998-06-28,Round 15,280958,8,35120
15,1998-07-05,Round 16,294974,8,36872
16,1998-07-12,Round 17,245701,8,30713
17,1998-07-19,Round 18,277889,8,34736
18,1998-07-26,Round 19,268029,8,33504
19,1998-08-02,Round 20,262308,8,32789
20,1998-08-09,Round 21,327861,8,40983
21,1998-08-16,Round 22,367974,8,45997
22,1998-08-23,Finals,572733,9,63637
0,1999-03-22,Round 1,321666,8,40208
1,1999-03-29,Round 2,306196,8,38275
2,1999-04-05,Round 3,256356,8,32045
3,1999-04-12,Round 4,267019,8,33377
4,1999-04-19,Round 5,277644,8,34706
5,1999-04-26,Round 6,293188,8,36649
6,1999-05-03,Round 7,248062,8,31008
7,1999-05-10,Round 8,241446,8,30181
8,1999-05-17,Round 9,259941,8,32493
9,1999-05-24,Round 10,235542,8,29443
10,1999-05-31,Round 11,256703,8,32088
11,1999-06-07,Round 12,234585,8,29323
12,1999-06-14,Round 13,252174,8,31522
13,1999-06-21,Round 14,283061,8,35383
14,1999-06-28,Round 15,241702,8,30213
15,1999-07-05,Round 16,279628,8,34954
16,1999-07-12,Round 17,284555,8,35569
17,1999-07-19,Round 18,215406,8,26926
18,1999-07-26,Round 19,237154,8,29644
19,1999-08-02,Round 20,264703,8,33088
20,1999-08-09,Round 21,241813,8,30227
21,1999-08-16,Round 22,273035,8,34129
22,1999-08-23,Finals,472007,9,52445
0,2000-03-22,Round 1,269829,8,33729
1,2000-03-29,Round 2,234864,8,29358
2,2000-04-05,Round 3,273264,8,34158
3,2000-04-12,Round 4,252461,8,31558
4,2000-04-19,Round 5,247067,8,30883
5,2000-04-26,Round 6,262927,8,32866
6,2000-05-03,Round 7,315636,8,39455
7,2000-05-10,Round 8,226652,8,28332
8,2000-05-17,Round 9,283846,8,35481
9,2000-05-24,Round 10,250731,8,31341
10,2000-05-31,Round 11,242134,8,30267
11,2000-06-07,Round 12,224006,8,28001
12,2000-06-14,Round 13,263274,8,32909
13,2000-06-21,Round 14,271437,8,33930
14,2000-06-28,Round 15,235230,8,29404
15,2000-07-05,Round 16,250060,8,31258
16,2000-07-12,Round 17,273687,8,34211
17,2000-07-19,Round 18,199061,8,24883
18,2000-07-26,Round 19,243507,8,30438
19,2000-08-02,Round 20,294455,8,36807
20,2000-08-09,Round 21,305435,8,38179
21,2000-08-16,Round 22,321248,8,40156
22,2000-08-23,Finals,566562,9,62951
0,2001-03-22,Round 1,283718,8,35465
1,2001-03-29,Round 2,250172,8,31272
2,2001-04-05,Round 3,283815,8,35477
3,2001-04-12,Round 4,270433,8,33804
4,2001-04-19,Round 5,288673,8,36084
5,2001-04-26,Round 6,269420,8,33678
6,2001-05-03,Round 7,300273,8,37534
7,2001-05-10,Round 8,209805,8,26226
8,2001-05-17,Round 9,268902,8,33613
9,2001-05-24,Round 10,250156,8,31270
10,2001-05-31,Round 11,322756,8,40345
11,2001-06-07,Round 12,256069,8,32009
12,2001-06-14,Round 13,236534,8,29567
13,2001-06-21,Round 14,279435,8,34929
14,2001-06-28,Round 15,254166,8,31771
15,2001-07-05,Round 16,287339,8,35917
16,2001-07-12,Round 17,241920,8,30240
17,2001-07-19,Round 18,334237,8,41780
18,2001-07-26,Round 19,272570,8,34071
19,2001-08-02,Round 20,252916,8,31615
20,2001-08-09,Round 21,269973,8,33747
21,2001-08-16,Round 22,237835,8,29729
22,2001-08-23,Finals,526443,9,58494
0,2002-03-22,Round 1,295477,8,36935
1,2002-03-29,Round 2,256016,8,32002
2,2002-04-05,Round 3,271009,8,33876
3,2002-04-12,Round 4,222542,8,27818
4,2002-04-19,Round 5,314423,8,39303
5,2002-04-26,Round 6,235540,8,29443
6,2002-05-03,Round 7,280348,8,35044
7,2002-05-10,Round 8,214155,8,26769
8,2002-05-17,Round 9,250617,8,31327
9,2002-05-24,Round 10,242782,8,30348
10,2002-05-31,Round 11,285959,8,35745
11,2002-06-07,Round 12,207051,8,25881
12,2002-06-14,Round 13,253086,8,31636
13,2002-06-21,Round 14,245083,8,30635
14,2002-06-28,Round 15,257033,8,32129
15,2002-07-05,Round 16,285797,8,35725
16,2002-07-12,Round 17,237395,8,29674
17,2002-07-19,Round 18,227039,8,28380
18,2002-07-26,Round 19,235070,8,29384
19,2002-08-02,Round 20,280161,8,35020
20,2002-08-09,Round 21,260583,8,32573
21,2002-08-16,Round 22,286376,8,35797
22,2002-08-23,Finals,449445,9,49938
0,2003-03-22,Round 1,306757,8,38345
1,2003-03-29,Round 2,234888,8,29361
2,2003-04-05,Round 3,233635,8,29204
3,2003-04-12,Round 4,257250,8,32156
4,2003-04-19,Round 5,314484,8,39311
5,2003-04-26,Round 6,232226,8,29028
6,2003-05-03,Round 7,258955,8,32369
7,2003-05-10,Round 8,254960,8,31870
8,2003-05-17,Round 9,249889,8,31236
9,2003-05-24,Round 10,243524,8,30441
10,2003-05-31,Round 11,318153,8,39769
11,2003-06-07,Round 12,270248,8,33781
12,2003-06-14,Round 13,250655,8,31332
13,2003-06-21,Round 14,282289,8,35286
14,2003-06-28,Round 15,257033,8,32129
15,2003-07-05,Round 16,272188,8,34024
16,2003-07-12,Round 17,270390,8,33799
17,2003-07-19,Round 18,256958,8,32120
18,2003-07-26,Round 19,284751,8,35594
19,2003-08-02,Round 20,253548,8,31694
20,2003-08-09,Round 21,287415,8,35927
21,2003-08-16,Round 22,283124,8,35391
22,2003-08-23,Finals,478335,9,53148
0,2004-03-22,Round 1,263705,8,32963
1,2004-03-29,Round 2,280889,8,35111
2,2004-04-05,Round 3,262617,8,32827
3,2004-04-12,Round 4,268483,8,33560
4,2004-04-19,Round 5,268988,8,33624
5,2004-04-26,Round 6,266986,8,33373
6,2004-05-03,Round 7,286682,8,35835
7,2004-05-10,Round 8,254026,8,31753
8,2004-05-17,Round 9,260554,8,32569
9,2004-05-24,Round 10,267397,8,33425
10,2004-05-31,Round 11,295616,8,36952
11,2004-06-07,Round 12,288489,8,36061
12,2004-06-14,Round 13,280419,8,35052
13,2004-06-21,Round 14,266577,8,33322
14,2004-06-28,Round 15,293877,8,36735
15,2004-07-05,Round 16,222522,8,27815
16,2004-07-12,Round 17,266272,8,33284
17,2004-07-19,Round 18,251317,8,31415
18,2004-07-26,Round 19,245075,8,30634
19,2004-08-02,Round 20,250804,8,31351
20,2004-08-09,Round 21,262974,8,32872
21,2004-08-16,Round 22,305567,8,38196
22,2004-08-23,Finals,458461,9,50940
0,2005-03-22,Round 1,323106,8,40388
1,2005-03-29,Round 2,248042,8,31005
2,2005-04-05,Round 3,346177,8,43272
3,2005-04-12,Round 4,295363,8,36920
4,2005-04-19,Round 5,317844,8,39731
5,2005-04-26,Round 6,285032,8,35629
6,2005-05-03,Round 7,279304,8,34913
7,2005-05-10,Round 8,309719,8,38715
8,2005-05-17,Round 9,245442,8,30680
9,2005-05-24,Round 10,305492,8,38187
10,2005-05-31,Round 11,247835,8,30979
11,2005-06-07,Round 12,291652,8,36457
12,2005-06-14,Round 13,263580,8,32948
13,2005-06-21,Round 14,302382,8,37798
14,2005-06-28,Round 15,263034,8,32879
15,2005-07-05,Round 16,262247,8,32781
16,2005-07-12,Round 17,263280,8,32910
17,2005-07-19,Round 18,272889,8,34111
18,2005-07-26,Round 19,276943,8,34618
19,2005-08-02,Round 20,303178,8,37897
20,2005-08-09,Round 21,270005,8,33751
21,2005-08-16,Round 22,311242,8,38905
22,2005-08-23,Finals,480064,9,53340
0,2006-03-22,Round 1,260067,8,32508
1,2006-03-29,Round 2,281020,8,35128
2,2006-04-05,Round 3,262120,8,32765
3,2006-04-12,Round 4,318510,8,39814
4,2006-04-19,Round 5,291552,8,36444
5,2006-04-26,Round 6,340193,8,42524
6,2006-05-03,Round 7,231779,8,28972
7,2006-05-10,Round 8,296405,8,37051
8,2006-05-17,Round 9,292396,8,36550
9,2006-05-24,Round 10,258517,8,32315
10,2006-05-31,Round 11,312282,8,39035
11,2006-06-07,Round 12,274683,8,34335
12,2006-06-14,Round 13,290672,8,36334
13,2006-06-21,Round 14,252142,8,31518
14,2006-06-28,Round 15,270189,8,33774
15,2006-07-05,Round 16,282803,8,35350
16,2006-07-12,Round 17,257425,8,32178
17,2006-07-19,Round 18,249639,8,31205
18,2006-07-26,Round 19,309042,8,38630
19,2006-08-02,Round 20,255703,8,31963
20,2006-08-09,Round 21,318188,8,39774
21,2006-08-16,Round 22,298729,8,37341
22,2006-08-23,Finals,532178,9,59131
0,2007-03-22,Round 1,364544,8,45568
1,2007-03-29,Round 2,275850,8,34481
2,2007-04-05,Round 3,344536,8,43067
3,2007-04-12,Round 4,249456,8,31182
4,2007-04-19,Round 5,289846,8,36231
5,2007-04-26,Round 6,287213,8,35902
6,2007-05-03,Round 7,294156,8,36770
7,2007-05-10,Round 8,256408,8,32051
8,2007-05-17,Round 9,250356,8,31295
9,2007-05-24,Round 10,267296,8,33412
10,2007-05-31,Round 11,342376,8,42797
11,2007-06-07,Round 12,272324,8,34041
12,2007-06-14,Round 13,299520,8,37440
13,2007-06-21,Round 14,299201,8,37400
14,2007-06-28,Round 15,317207,8,39651
15,2007-07-05,Round 16,298015,8,37252
16,2007-07-12,Round 17,245872,8,30734
17,2007-07-19,Round 18,292841,8,36605
18,2007-07-26,Round 19,284129,8,35516
19,2007-08-02,Round 20,296987,8,37123
20,2007-08-09,Round 21,357948,8,44744
21,2007-08-16,Round 22,289440,8,36180
22,2007-08-23,Finals,574424,9,63825
0,2008-03-22,Round 1,335422,8,41928
1,2008-03-29,Round 2,295957,8,36995
2,2008-04-05,Round 3,350885,8,43861
3,2008-04-12,Round 4,315414,8,39427
4,2008-04-19,Round 5,313551,8,39194
5,2008-04-26,Round 6,315844,8,39481
6,2008-05-03,Round 7,300023,8,37503
7,2008-05-10,Round 8,252580,8,31573
8,2008-05-17,Round 9,331733,8,41467
9,2008-05-24,Round 10,271534,8,33942
10,2008-05-31,Round 11,308527,8,38566
11,2008-06-07,Round 12,306666,8,38333
12,2008-06-14,Round 13,269748,8,33719
13,2008-06-21,Round 14,284302,8,35538
14,2008-06-28,Round 15,303507,8,37938
15,2008-07-05,Round 16,299532,8,37442
16,2008-07-12,Round 17,320817,8,40102
17,2008-07-19,Round 18,276170,8,34521
18,2008-07-26,Round 19,262023,8,32753
19,2008-08-02,Round 20,268049,8,33506
20,2008-08-09,Round 21,256086,8,32011
21,2008-08-16,Round 22,272885,8,34111
22,2008-08-23,Finals,571760,9,63529
0,2009-03-22,Round 1,349093,8,43637
1,2009-03-29,Round 2,281844,8,35231
2,2009-04-05,Round 3,315160,8,39395
3,2009-04-12,Round 4,278119,8,34765
4,2009-04-19,Round 5,264220,8,33028
5,2009-04-26,Round 6,321009,8,40126
6,2009-05-03,Round 7,245638,8,30705
7,2009-05-10,Round 8,299595,8,37449
8,2009-05-17,Round 9,304743,8,38093
9,2009-05-24,Round 10,241923,8,30240
10,2009-05-31,Round 11,300217,8,37527
11,2009-06-07,Round 12,255468,8,31934
12,2009-06-14,Round 13,311584,8,38948
13,2009-06-21,Round 14,280235,8,35029
14,2009-06-28,Round 15,266970,8,33371
15,2009-07-05,Round 16,282692,8,35337
16,2009-07-12,Round 17,361450,8,45181
17,2009-07-19,Round 18,252735,8,31592
18,2009-07-26,Round 19,263088,8,32886
19,2009-08-02,Round 20,283738,8,35467
20,2009-08-09,Round 21,302442,8,37805
21,2009-08-16,Round 22,308438,8,38555
22,2009-08-23,Finals,615283,9,68365
0,2010-03-22,Round 1,337109,8,42139
1,2010-03-29,Round 2,317895,8,39737
2,2010-04-05,Round 3,288819,8,36102
3,2010-04-12,Round 4,299581,8,37448
4,2010-04-19,Round 5,330837,8,41355
5,2010-04-26,Round 6,347824,8,43478
6,2010-05-03,Round 7,291023,8,36378
7,2010-05-10,Round 8,245627,8,30703
8,2010-05-17,Round 9,332530,8,41566
9,2010-05-24,Round 10,251534,8,31442
10,2010-05-31,Round 11,262521,8,32815
11,2010-06-07,Round 12,293087,8,36636
12,2010-06-14,Round 13,297036,8,37130
13,2010-06-21,Round 14,288134,8,36017
14,2010-06-28,Round 15,286068,8,35759
15,2010-07-05,Round 16,284796,8,35600
16,2010-07-12,Round 17,299822,8,37478
17,2010-07-19,Round 18,281054,8,35132
18,2010-07-26,Round 19,316037,8,39505
19,2010-08-02,Round 20,291124,8,36391
20,2010-08-09,Round 21,255239,8,31905
21,2010-08-16,Round 22,298117,8,37265
22,2010-08-23,Finals,650924,10,65092
0,2011-03-22,Round 1,317651,8,39706
1,2011-03-29,Round 2,270493,8,33812
2,2011-04-05,Round 3,321186,8,40148
3,2011-04-12,Round 4,256511,7,36644
4,2011-04-19,Round 5,323654,7,46236
5,2011-04-26,Round 6,239171,7,34167
6,2011-05-03,Round 7,210457,8,26307
7,2011-05-10,Round 8,309084,8,38636
8,2011-05-17,Round 9,304826,8,38103
9,2011-05-24,Round 10,258095,8,32262
10,2011-05-31,Round 11,273413,8,34177
11,2011-06-07,Round 12,320291,8,40036
12,2011-06-14,Round 13,236057,8,29507
13,2011-06-21,Round 14,289731,8,36216
14,2011-06-28,Round 15,315635,8,39454
15,2011-07-05,Round 16,235768,7,33681
16,2011-07-12,Round 17,239632,8,29954
17,2011-07-19,Round 18,278827,8,34853
18,2011-07-26,Round 19,247099,7,35300
19,2011-08-02,Round 20,226552,8,28319
20,2011-08-09,Round 21,254978,8,31872
21,2011-08-16,Round 22,247357,8,30920
22,2011-08-23,Round 23,243837,8,30480
23,2011-08-30,Round 24,304766,8,38096
24,2011-09-06,Finals,614783,9,68309
0,2012-03-22,Round 1,367792,9,40866
1,2012-03-29,Round 2,310672,9,34519
2,2012-04-05,Round 3,302659,9,33629
3,2012-04-12,Round 4,300972,9,33441
4,2012-04-19,Round 5,282328,9,31370
5,2012-04-26,Round 6,254392,9,28266
6,2012-05-03,Round 7,281893,9,31321
7,2012-05-10,Round 8,303699,9,33744
8,2012-05-17,Round 9,273277,9,30364
9,2012-05-24,Round 10,247812,9,27535
10,2012-05-31,Round 11,237640,6,39607
11,2012-06-07,Round 12,139854,6,23309
12,2012-06-14,Round 13,184006,6,30668
13,2012-06-21,Round 14,310685,9,34521
14,2012-06-28,Round 15,309624,9,34403
15,2012-07-05,Round 16,240532,9,26726
16,2012-07-12,Round 17,325416,9,36157
17,2012-07-19,Round 18,223224,9,24803
18,2012-07-26,Round 19,308526,9,34281
19,2012-08-02,Round 20,268155,9,29795
20,2012-08-09,Round 21,257944,9,28660
21,2012-08-16,Round 22,228794,9,25422
22,2012-08-23,Round 23,278980,9,30998
23,2012-08-30,Finals,539948,9,59994
0,2013-03-22,Round 1,365867,9,40652
1,2013-03-29,Round 2,350736,9,38971
2,2013-04-05,Round 3,292057,9,32451
3,2013-04-12,Round 4,290078,9,32231
4,2013-04-19,Round 5,317233,9,35248
5,2013-04-26,Round 6,278744,9,30972
6,2013-05-03,Round 7,264817,9,29424
7,2013-05-10,Round 8,289097,9,32122
8,2013-05-17,Round 9,311287,9,34587
9,2013-05-24,Round 10,239032,9,26559
10,2013-05-31,Round 11,214343,6,35724
11,2013-06-07,Round 12,192975,6,32163
12,2013-06-14,Round 13,163003,6,27167
13,2013-06-21,Round 14,238090,9,26454
14,2013-06-28,Round 15,371212,9,41246
15,2013-07-05,Round 16,256083,9,28454
16,2013-07-12,Round 17,208356,9,23151
17,2013-07-19,Round 18,243604,9,27067
18,2013-07-26,Round 19,324505,9,36056
19,2013-08-02,Round 20,279889,9,31099
20,2013-08-09,Round 21,291069,9,32341
21,2013-08-16,Round 22,276610,9,30734
22,2013-08-23,Round 23,309659,9,34407
23,2013-08-30,Finals,558034,9,62004
0,2014-03-22,Round 1,245531,9,27281
1,2014-03-29,Round 2,315842,9,35094
2,2014-04-05,Round 3,327783,9,36420
3,2014-04-12,Round 4,271667,9,30185
4,2014-04-19,Round 5,344796,9,38311
5,2014-04-26,Round 6,327529,9,36392
6,2014-05-03,Round 7,297854,9,33095
7,2014-05-10,Round 8,191687,6,31948
8,2014-05-17,Round 9,222401,6,37067
9,2014-05-24,Round 10,187669,6,31278
10,2014-05-31,Round 11,294956,9,32773
11,2014-06-07,Round 12,279163,9,31018
12,2014-06-14,Round 13,304016,9,33780
13,2014-06-21,Round 14,266749,9,29639
14,2014-06-28,Round 15,285971,9,31775
15,2014-07-05,Round 16,237232,9,26359
16,2014-07-12,Round 17,269744,9,29972
17,2014-07-19,Round 18,307041,9,34116
18,2014-07-26,Round 19,254434,9,28270
19,2014-08-02,Round 20,297353,9,33039
20,2014-08-09,Round 21,282405,9,31378
21,2014-08-16,Round 22,301741,9,33527
22,2014-08-23,Round 23,288446,9,32050
23,2014-08-30,Finals,569849,9,63317
0,2015-03-22,Round 1,359470,9,39941
1,2015-03-29,Round 2,295535,9,32837
2,2015-04-05,Round 3,295388,9,32821
3,2015-04-12,Round 4,314451,9,34939
4,2015-04-19,Round 5,330001,9,36667
5,2015-04-26,Round 6,247672,9,27519
6,2015-05-03,Round 7,294366,9,32707
7,2015-05-10,Round 8,291395,9,32377
8,2015-05-17,Round 9,291525,9,32392
9,2015-05-24,Round 10,285757,9,31751
10,2015-05-31,Round 11,193091,6,32182
11,2015-06-07,Round 12,178939,6,29823
12,2015-06-14,Round 13,212088,6,35348
13,2015-06-21,Round 14,268916,8,33615
14,2015-06-28,Round 15,257679,9,28631
15,2015-07-05,Round 16,297521,9,33058
16,2015-07-12,Round 17,264528,9,29392
17,2015-07-19,Round 18,303462,9,33718
18,2015-07-26,Round 19,257709,9,28634
19,2015-08-02,Round 20,292922,9,32547
20,2015-08-09,Round 21,295001,9,32778
21,2015-08-16,Round 22,260202,9,28911
22,2015-08-23,Round 23,263960,9,29329
23,2015-08-30,Finals,519053,9,57673
0,2016-03-22,Round 1,360850,9,40094
1,2016-03-29,Round 2,354131,9,39348
2,2016-04-05,Round 3,299675,9,33297
3,2016-04-12,Round 4,278607,9,30956
4,2016-04-19,Round 5,365491,9,40610
5,2016-04-26,Round 6,282559,9,31395
6,2016-05-03,Round 7,292474,9,32497
7,2016-05-10,Round 8,267333,9,29704
8,2016-05-17,Round 9,295936,9,32882
9,2016-05-24,Round 10,302505,9,33612
10,2016-05-31,Round 11,246205,9,27356
11,2016-06-07,Round 12,322270,9,35808
12,2016-06-14,Round 13,157572,6,26262
13,2016-06-21,Round 14,136314,6,22719
14,2016-06-28,Round 15,203712,6,33952
15,2016-07-05,Round 16,235019,9,26113
16,2016-07-12,Round 17,263052,9,29228
17,2016-07-19,Round 18,273002,9,30334
18,2016-07-26,Round 19,247010,9,27446
19,2016-08-02,Round 20,304807,9,33867
20,2016-08-09,Round 21,272374,9,30264
21,2016-08-16,Round 22,253550,9,28172
22,2016-08-23,Round 23,297208,9,33023
23,2016-08-30,Finals,558343,9,62038
0,2017-03-22,Round 1,400401,9,44489
1,2017-03-29,Round 2,322042,9,35782
2,2017-04-05,Round 3,284734,9,31637
3,2017-04-12,Round 4,311032,9,34559
4,2017-04-19,Round 5,391980,9,43553
5,2017-04-26,Round 6,273768,9,30419
6,2017-05-03,Round 7,297576,9,33064
7,2017-05-10,Round 8,266822,9,29647
8,2017-05-17,Round 9,238718,8,29840
9,2017-05-24,Round 10,331567,9,36841
10,2017-05-31,Round 11,163810,6,27302
11,2017-06-07,Round 12,234050,7,33436
12,2017-06-14,Round 13,197922,6,32987
13,2017-06-21,Round 14,303380,9,33709
14,2017-06-28,Round 15,306713,9,34079
15,2017-07-05,Round 16,320210,9,35579
16,2017-07-12,Round 17,305009,9,33890
17,2017-07-19,Round 18,269087,9,29899
18,2017-07-26,Round 19,274030,9,30448
19,2017-08-02,Round 20,306319,9,34035
20,2017-08-09,Round 21,294126,9,32681
21,2017-08-16,Round 22,271561,9,30173
22,2017-08-23,Round 23,369205,9,41023
23,2017-08-30,Finals,553818,9,61535
0,2018-03-22,Round 1,375114,9,41679
1,2018-03-29,Round 2,339530,9,37726
2,2018-04-05,Round 3,393587,9,43732
3,2018-04-12,Round 4,284030,9,31559
4,2018-04-19,Round 5,381880,9,42431
5,2018-04-26,Round 6,317832,9,35315
6,2018-05-03,Round 7,302578,9,33620
7,2018-05-10,Round 8,280105,9,31123
8,2018-05-17,Round 9,291379,9,32375
9,2018-05-24,Round 10,220057,8,27507
10,2018-05-31,Round 11,322362,9,35818
11,2018-06-07,Round 12,243316,7,34759
12,2018-06-14,Round 13,167266,6,27878
13,2018-06-21,Round 14,192441,6,32074
14,2018-06-28,Round 15,295018,9,32780
15,2018-07-05,Round 16,326995,9,36333
16,2018-07-12,Round 17,262516,9,29168
17,2018-07-19,Round 18,313343,9,34816
18,2018-07-26,Round 19,286798,9,31866
